-- MySQL dump 10.13  Distrib 8.0.27, for Win64 (x86_64)
--
-- Host: k6d104.p.ssafy.io    Database: receipt_db
-- ------------------------------------------------------
-- Server version	8.0.29-0ubuntu0.20.04.3

/*!40101 SET @OLD_CHARACTER_SET_CLIENT=@@CHARACTER_SET_CLIENT */;
/*!40101 SET @OLD_CHARACTER_SET_RESULTS=@@CHARACTER_SET_RESULTS */;
/*!40101 SET @OLD_COLLATION_CONNECTION=@@COLLATION_CONNECTION */;
/*!50503 SET NAMES utf8 */;
/*!40103 SET @OLD_TIME_ZONE=@@TIME_ZONE */;
/*!40103 SET TIME_ZONE='+00:00' */;
/*!40014 SET @OLD_UNIQUE_CHECKS=@@UNIQUE_CHECKS, UNIQUE_CHECKS=0 */;
/*!40014 SET @OLD_FOREIGN_KEY_CHECKS=@@FOREIGN_KEY_CHECKS, FOREIGN_KEY_CHECKS=0 */;
/*!40101 SET @OLD_SQL_MODE=@@SQL_MODE, SQL_MODE='NO_AUTO_VALUE_ON_ZERO' */;
/*!40111 SET @OLD_SQL_NOTES=@@SQL_NOTES, SQL_NOTES=0 */;

--
-- Table structure for table `asset`
--

DROP TABLE IF EXISTS `asset`;
/*!40101 SET @saved_cs_client     = @@character_set_client */;
/*!50503 SET character_set_client = utf8mb4 */;
CREATE TABLE `asset` (
  `asset_id` bigint NOT NULL AUTO_INCREMENT,
  `asc_name` varchar(255) DEFAULT NULL,
  `balance` int NOT NULL,
  `date` int NOT NULL,
  `lc_name` varchar(255) DEFAULT NULL,
  `type` varchar(255) DEFAULT NULL,
  `club_id` bigint DEFAULT NULL,
  PRIMARY KEY (`asset_id`),
  KEY `FK3s85nd659u9akntrd93c65mqc` (`club_id`),
  CONSTRAINT `FK3s85nd659u9akntrd93c65mqc` FOREIGN KEY (`club_id`) REFERENCES `club` (`club_id`) ON DELETE CASCADE
) ENGINE=InnoDB AUTO_INCREMENT=44 DEFAULT CHARSET=utf8mb4 COLLATE=utf8mb4_0900_ai_ci;
/*!40101 SET character_set_client = @saved_cs_client */;

--
-- Dumping data for table `asset`
--

LOCK TABLES `asset` WRITE;
/*!40000 ALTER TABLE `asset` DISABLE KEYS */;
INSERT INTO `asset` VALUES (1,'현금',245250,202202,'현금 및 현금성자산','자산',66),(2,'현금',-574750,202201,'현금 및 현금성자산','자산',66),(3,'현금',213750,202205,'현금 및 현금성자산','자산',66),(4,'비품',822950,202205,'유형자산','자산',66),(5,'현금',224999,202205,'현금 및 현금성자산','자산',51),(6,'현금',200000,202204,'현금 및 현금성자산','자산',51),(7,'현금',945400,202205,'현금 및 현금성자산','자산',67),(8,'책',35000,202205,'기타자산','자산',67),(9,'현금',100000,202203,'현금 및 현금성자산','자산',51),(10,'현금',-20000,202205,'현금 및 현금성자산','자산',76),(11,'비품',25500,202205,'유형자산','자산',67),(12,'현금',95250,202204,'현금 및 현금성자산','자산',66),(13,'비품',714950,202204,'유형자산','자산',66),(14,'현금',-28200,202204,'현금 및 현금성자산','자산',85),(15,'현금',-14100,202204,'현금 및 현금성자산','자산',67),(16,'현금',-25000,202104,'현금 및 현금성자산','자산',66),(17,'현금',-383950,202105,'현금 및 현금성자산','자산',66),(18,'현금',-233950,202106,'현금 및 현금성자산','자산',66),(19,'비품',714950,202202,'유형자산','자산',66),(20,'비품',714950,202201,'유형자산','자산',66),(21,'비품',64950,202106,'유형자산','자산',66),(22,'비품',64950,202105,'유형자산','자산',66),(23,'현금',196050,202107,'현금 및 현금성자산','자산',66),(24,'비품',64950,202107,'유형자산','자산',66),(25,'현금',-103950,202108,'현금 및 현금성자산','자산',66),(26,'비품',64950,202108,'유형자산','자산',66),(27,'현금',-353950,202109,'현금 및 현금성자산','자산',66),(28,'비품',64950,202109,'유형자산','자산',66),(29,'현금',-483950,202110,'현금 및 현금성자산','자산',66),(30,'비품',64950,202110,'유형자산','자산',66),(31,'현금',-1133950,202111,'현금 및 현금성자산','자산',66),(32,'비품',714950,202111,'유형자산','자산',66),(33,'현금',675250,202112,'현금 및 현금성자산','자산',66),(34,'비품',714950,202112,'유형자산','자산',66),(35,'현금',295250,202203,'현금 및 현금성자산','자산',66),(36,'비품',714950,202203,'유형자산','자산',66),(37,'현금',-56400,202204,'현금 및 현금성자산','자산',84),(38,'현금',-77510,202205,'현금 및 현금성자산','자산',84),(39,'비품',14100,202205,'유형자산','자산',84),(40,'비품',14100,202204,'유형자산','자산',84);
/*!40000 ALTER TABLE `asset` ENABLE KEYS */;
UNLOCK TABLES;

--
-- Table structure for table `assetscategory`
--

DROP TABLE IF EXISTS `assetscategory`;
/*!40101 SET @saved_cs_client     = @@character_set_client */;
/*!50503 SET character_set_client = utf8mb4 */;
CREATE TABLE `assetscategory` (
  `assetsc_id` bigint NOT NULL AUTO_INCREMENT,
  `asc_name` varchar(255) DEFAULT NULL,
  `balance` int DEFAULT NULL,
  `lc_name` varchar(255) DEFAULT NULL,
  `club_id` bigint DEFAULT NULL,
  PRIMARY KEY (`assetsc_id`),
  KEY `FKbd4nkderk9257rsryaqb4q082` (`club_id`),
  CONSTRAINT `FKbd4nkderk9257rsryaqb4q082` FOREIGN KEY (`club_id`) REFERENCES `club` (`club_id`) ON DELETE CASCADE
) ENGINE=InnoDB AUTO_INCREMENT=137 DEFAULT CHARSET=utf8mb4 COLLATE=utf8mb4_0900_ai_ci;
/*!40101 SET character_set_client = @saved_cs_client */;

--
-- Dumping data for table `assetscategory`
--

LOCK TABLES `assetscategory` WRITE;
/*!40000 ALTER TABLE `assetscategory` DISABLE KEYS */;
INSERT INTO `assetscategory` VALUES (1,'현금',-15000,'현금 및 현금성자산',1),(2,'비품',15000,'유형자산',1),(8,'현금',213750,'현금 및 현금성자산',66),(9,'비품',822950,'유형자산',66),(10,'차량',0,'유형자산',66),(11,'회원권',0,'선급금',66),(12,'미분류자산',0,'기타자산',66),(14,'비품',25500,'유형자산',67),(15,'차량',0,'유형자산',67),(16,'회원권',0,'선급금',67),(17,'미분류자산',0,'기타자산',67),(18,'현금',0,'현금 및 현금성자산',68),(19,'비품',0,'유형자산',68),(20,'차량',0,'유형자산',68),(21,'회원권',0,'선급금',68),(22,'미분류자산',0,'기타자산',68),(26,'현금',224999,'현금 및 현금성자산',51),(29,'책',35000,'기타자산',67),(55,'현금',0,'현금 및 현금성자산',74),(56,'비품',0,'유형자산',74),(57,'차량',0,'유형자산',74),(58,'회원권',0,'선급금',74),(59,'미분류자산',0,'기타자산',74),(60,'현금',0,'현금 및 현금성자산',75),(61,'비품',0,'유형자산',75),(62,'차량',0,'유형자산',75),(63,'회원권',0,'선급금',75),(64,'미분류자산',0,'기타자산',75),(65,'현금',-20000,'현금 및 현금성자산',76),(66,'비품',0,'유형자산',76),(67,'차량',0,'유형자산',76),(68,'회원권',0,'선급금',76),(69,'미분류자산',0,'기타자산',76),(70,'현금',0,'현금 및 현금성자산',77),(71,'비품',0,'유형자산',77),(72,'차량',0,'유형자산',77),(73,'회원권',0,'선급금',77),(74,'미분류자산',0,'기타자산',77),(105,'현금',-77510,'현금 및 현금성자산',84),(106,'비품',14100,'유형자산',84),(107,'차량',0,'유형자산',84),(108,'회원권',0,'선급금',84),(109,'미분류자산',0,'기타자산',84),(110,'책',0,'유형자산',67),(111,'현금',105900,'현금 및 현금성자산',67),(112,'현금',-28200,'현금 및 현금성자산',85),(113,'비품',0,'유형자산',85),(114,'차량',0,'유형자산',85),(115,'회원권',0,'선급금',85),(116,'미분류자산',0,'기타자산',85),(122,'현금',0,'현금 및 현금성자산',87),(123,'비품',0,'유형자산',87),(124,'차량',0,'유형자산',87),(125,'회원권',0,'선급금',87),(126,'미분류자산',0,'기타자산',87),(132,'현금',0,'현금 및 현금성자산',89),(133,'비품',0,'유형자산',89),(134,'차량',0,'유형자산',89),(135,'회원권',0,'선급금',89),(136,'미분류자산',0,'기타자산',89);
/*!40000 ALTER TABLE `assetscategory` ENABLE KEYS */;
UNLOCK TABLES;

--
-- Table structure for table `budget`
--

DROP TABLE IF EXISTS `budget`;
/*!40101 SET @saved_cs_client     = @@character_set_client */;
/*!50503 SET character_set_client = utf8mb4 */;
CREATE TABLE `budget` (
  `budget_id` bigint NOT NULL AUTO_INCREMENT,
  `bsc_name` varchar(255) DEFAULT NULL,
  `changes` int NOT NULL,
  `date` int NOT NULL,
  `lc_name` varchar(255) DEFAULT NULL,
  `type` varchar(255) DEFAULT NULL,
  `club_id` bigint DEFAULT NULL,
  PRIMARY KEY (`budget_id`),
  KEY `FKkpytf4myc7jaftt9up68eunlu` (`club_id`),
  CONSTRAINT `FKkpytf4myc7jaftt9up68eunlu` FOREIGN KEY (`club_id`) REFERENCES `club` (`club_id`) ON DELETE CASCADE
) ENGINE=InnoDB AUTO_INCREMENT=65 DEFAULT CHARSET=utf8mb4 COLLATE=utf8mb4_0900_ai_ci;
/*!40101 SET character_set_client = @saved_cs_client */;

--
-- Dumping data for table `budget`
--

LOCK TABLES `budget` WRITE;
/*!40000 ALTER TABLE `budget` DISABLE KEYS */;
INSERT INTO `budget` VALUES (1,'전기예산',0,202202,'전기예산','예산',66),(2,'전기예산',0,202201,'전기예산','예산',66),(3,'전기예산',100000,202205,'전기예산','예산',66),(4,'식비',16000,202205,'복리후생비','지출',66),(5,'회비',100000,202205,'회비','예산',51),(6,'식비',75000,202205,'복리후생비','지출',51),(7,'회비',100000,202204,'회비','예산',51),(8,'회식',30000,202205,'복리후생비','지출',67),(9,'식비',0,202205,'복리후생비','지출',67),(10,'이자수익',1000000,202205,'수입','수입',67),(11,'활동지원금',100000,202205,'활동지원금','예산',66),(12,'미분류 수입',0,202205,'기타수입','수입',66),(13,'회식',125000,202205,'복리후생비','지출',66),(14,'상금수익',200000,202205,'수입','수입',66),(15,'MT',460000,202205,'복리후생비','지출',66),(16,'회비',100000,202203,'회비','예산',51),(17,'책',50000,202205,'기타비용','지출',67),(18,'비용',1,202205,'복리후생비','지출',51),(19,'회식',10000,202205,'복리후생비','지출',76),(20,'교통비',10000,202205,'여가교통비','지출',76),(21,'전기예산',0,202204,'전기예산','예산',66),(22,'사무용품',14100,202204,'소모품비','지출',85),(23,'식비',14100,202204,'복리후생비','지출',67),(24,'식비',0,202204,'복리후생비','지출',66),(25,'MT',0,202204,'복리후생비','지출',66),(26,'회비',100000,202204,'회비','예산',66),(27,'택시비',25000,202104,'여가교통비','지출',66),(28,'행사비',360000,202105,'복리후생비','지출',66),(29,'부스수익',150000,202106,'수입','수입',66),(30,'상금수익',100000,202105,'수입','수입',66),(31,'생활용품',34000,202105,'소모품비','지출',66),(32,'회비',500000,202107,'회비','예산',66),(33,'선배 후원',200000,202107,'후원비','예산',66),(34,'상금수익',200000,202107,'수입','수입',66),(35,'MT',470000,202107,'복리후생비','지출',66),(36,'행사비',300000,202108,'복리후생비','지출',66),(37,'회식',250000,202109,'복리후생비','지출',66),(38,'행사비',130000,202110,'복리후생비','지출',66),(39,'활동지원금',2300000,202112,'활동지원금','예산',66),(40,'MT',1250000,202201,'복리후생비','지출',66),(41,'부스수익',1700000,202202,'수입','수입',66),(42,'식비',490800,202112,'복리후생비','지출',66),(43,'선물',880000,202202,'복리후생비','지출',66),(44,'전기예산',0,202203,'전기예산','예산',66),(45,'생활용품',700000,202203,'소모품비','지출',66),(46,'생활용품',300000,202204,'소모품비','지출',66),(47,'사무용품',30000,202205,'소모품비','지출',66),(48,'회비',500000,202205,'회비','예산',66),(49,'교통비',42500,202205,'여가교통비','지출',66),(50,'식비',14100,202204,'복리후생비','지출',84),(51,'회식',28200,202204,'복리후생비','지출',84),(52,'회식',11110,202205,'복리후생비','지출',84),(53,'생활용품',10000,202205,'소모품비','지출',84),(54,'선배 후원',750000,202203,'후원비','예산',66),(63,'식비',14100,202204,'복리후생비','지출',85),(64,'회식',0,202204,'복리후생비','지출',66);
/*!40000 ALTER TABLE `budget` ENABLE KEYS */;
UNLOCK TABLES;

--
-- Table structure for table `budgetscategory`
--

DROP TABLE IF EXISTS `budgetscategory`;
/*!40101 SET @saved_cs_client     = @@character_set_client */;
/*!50503 SET character_set_client = utf8mb4 */;
CREATE TABLE `budgetscategory` (
  `budgetsc_id` bigint NOT NULL AUTO_INCREMENT,
  `bsc_name` varchar(255) DEFAULT NULL,
  `lc_name` varchar(255) DEFAULT NULL,
  `club_id` bigint DEFAULT NULL,
  PRIMARY KEY (`budgetsc_id`),
  KEY `FK24rlj031ogy4fu8peob3xb6a8` (`club_id`),
  CONSTRAINT `FK24rlj031ogy4fu8peob3xb6a8` FOREIGN KEY (`club_id`) REFERENCES `club` (`club_id`) ON DELETE CASCADE
) ENGINE=InnoDB AUTO_INCREMENT=369 DEFAULT CHARSET=utf8mb4 COLLATE=utf8mb4_0900_ai_ci;
/*!40101 SET character_set_client = @saved_cs_client */;

--
-- Dumping data for table `budgetscategory`
--

LOCK TABLES `budgetscategory` WRITE;
/*!40000 ALTER TABLE `budgetscategory` DISABLE KEYS */;
INSERT INTO `budgetscategory` VALUES (1,'비품','유형자산',1),(20,'전기예산','전기예산',66),(21,'활동지원금','활동지원금',66),(22,'회비','회비',66),(23,'회식','복리후생비',66),(24,'식비','복리후생비',66),(25,'MT','복리후생비',66),(26,'교통비','여가교통비',66),(27,'사무용품','소모품비',66),(28,'생활용품','소모품비',66),(29,'미분류 비용','기타비용',66),(30,'상금수익','수입',66),(31,'부스수익','수입',66),(32,'이자수익','수입',66),(33,'미분류 수입','기타수입',66),(34,'전기예산','전기예산',67),(35,'활동지원금','활동지원금',67),(36,'회비','회비',67),(37,'회식','복리후생비',67),(38,'식비','복리후생비',67),(39,'MT','복리후생비',67),(40,'교통비','여가교통비',67),(41,'사무용품','소모품비',67),(42,'생활용품','소모품비',67),(43,'미분류 비용','기타비용',67),(44,'상금수익','수입',67),(45,'부스수익','수입',67),(46,'이자수익','수입',67),(47,'미분류 수입','기타수입',67),(48,'전기예산','전기예산',68),(49,'활동지원금','활동지원금',68),(50,'회비','회비',68),(51,'회식','복리후생비',68),(52,'식비','복리후생비',68),(53,'MT','복리후생비',68),(54,'교통비','여가교통비',68),(55,'사무용품','소모품비',68),(56,'생활용품','소모품비',68),(57,'미분류 비용','기타비용',68),(58,'상금수익','수입',68),(59,'부스수익','수입',68),(60,'이자수익','수입',68),(61,'미분류 수입','기타수입',68),(62,'택시','여가교통비',1),(63,'여가비','여가교통비',67),(66,'회비','회비',51),(67,'식비','복리후생비',51),(138,'책','기타비용',67),(139,'전기예산','전기예산',74),(140,'활동지원금','활동지원금',74),(141,'회비','회비',74),(142,'회식','복리후생비',74),(143,'식비','복리후생비',74),(144,'MT','복리후생비',74),(145,'교통비','여가교통비',74),(146,'사무용품','소모품비',74),(147,'생활용품','소모품비',74),(148,'미분류 비용','기타비용',74),(149,'상금수익','수입',74),(150,'부스수익','수입',74),(151,'이자수익','수입',74),(152,'미분류 수입','기타수입',74),(153,'비용','복리후생비',51),(154,'전기예산','전기예산',75),(155,'활동지원금','활동지원금',75),(156,'회비','회비',75),(157,'회식','복리후생비',75),(158,'식비','복리후생비',75),(159,'MT','복리후생비',75),(160,'교통비','여가교통비',75),(161,'사무용품','소모품비',75),(162,'생활용품','소모품비',75),(163,'미분류 비용','기타비용',75),(164,'상금수익','수입',75),(165,'부스수익','수입',75),(166,'이자수익','수입',75),(167,'미분류 수입','기타수입',75),(168,'전기예산','전기예산',76),(169,'활동지원금','활동지원금',76),(170,'회비','회비',76),(171,'회식','복리후생비',76),(172,'식비','복리후생비',76),(173,'MT','복리후생비',76),(174,'교통비','여가교통비',76),(175,'사무용품','소모품비',76),(176,'생활용품','소모품비',76),(177,'미분류 비용','기타비용',76),(178,'상금수익','수입',76),(179,'부스수익','수입',76),(180,'이자수익','수입',76),(181,'미분류 수입','기타수입',76),(182,'전기예산','전기예산',77),(183,'활동지원금','활동지원금',77),(184,'회비','회비',77),(185,'회식','복리후생비',77),(186,'식비','복리후생비',77),(187,'MT','복리후생비',77),(188,'교통비','여가교통비',77),(189,'사무용품','소모품비',77),(190,'생활용품','소모품비',77),(191,'미분류 비용','기타비용',77),(192,'상금수익','수입',77),(193,'부스수익','수입',77),(194,'이자수익','수입',77),(195,'미분류 수입','기타수입',77),(196,'몰라','소모품비',51),(281,'전기예산','전기예산',84),(282,'활동지원금','활동지원금',84),(283,'회비','회비',84),(284,'회식','복리후생비',84),(285,'식비','복리후생비',84),(286,'MT','복리후생비',84),(287,'교통비','여가교통비',84),(288,'사무용품','소모품비',84),(289,'생활용품','소모품비',84),(290,'미분류 비용','기타비용',84),(291,'상금수익','수입',84),(292,'부스수익','수입',84),(293,'이자수익','수입',84),(294,'미분류 수입','기타수입',84),(295,'전기예산','전기예산',85),(296,'활동지원금','활동지원금',85),(297,'회비','회비',85),(298,'회식','복리후생비',85),(299,'식비','복리후생비',85),(300,'MT','복리후생비',85),(301,'교통비','여가교통비',85),(302,'사무용품','소모품비',85),(303,'생활용품','소모품비',85),(304,'미분류 비용','기타비용',85),(305,'상금수익','수입',85),(306,'부스수익','수입',85),(307,'이자수익','수입',85),(308,'미분류 수입','기타수입',85),(323,'전기예산','전기예산',87),(324,'활동지원금','활동지원금',87),(325,'회비','회비',87),(326,'회식','복리후생비',87),(327,'식비','복리후생비',87),(328,'MT','복리후생비',87),(329,'교통비','여가교통비',87),(330,'사무용품','소모품비',87),(331,'생활용품','소모품비',87),(332,'미분류 비용','기타비용',87),(333,'상금수익','수입',87),(334,'부스수익','수입',87),(335,'이자수익','수입',87),(336,'미분류 수입','기타수입',87),(351,'전기예산','전기예산',89),(352,'활동지원금','활동지원금',89),(353,'회비','회비',89),(354,'회식','복리후생비',89),(355,'식비','복리후생비',89),(356,'MT','복리후생비',89),(357,'교통비','여가교통비',89),(358,'사무용품','소모품비',89),(359,'생활용품','소모품비',89),(360,'미분류 비용','기타비용',89),(361,'상금수익','수입',89),(362,'부스수익','수입',89),(363,'이자수익','수입',89),(364,'미분류 수입','기타수입',89),(365,'택시비','여가교통비',66),(366,'행사비','복리후생비',66),(367,'선배 후원','후원비',66),(368,'선물','복리후생비',66);
/*!40000 ALTER TABLE `budgetscategory` ENABLE KEYS */;
UNLOCK TABLES;

--
-- Table structure for table `club`
--

DROP TABLE IF EXISTS `club`;
/*!40101 SET @saved_cs_client     = @@character_set_client */;
/*!50503 SET character_set_client = utf8mb4 */;
CREATE TABLE `club` (
  `club_id` bigint NOT NULL AUTO_INCREMENT,
  `description` varchar(255) DEFAULT NULL,
  `image` varchar(255) DEFAULT NULL,
  `name` varchar(64) NOT NULL,
  `is_active_category` varchar(1) NOT NULL DEFAULT 'Y',
  PRIMARY KEY (`club_id`)
) ENGINE=InnoDB AUTO_INCREMENT=90 DEFAULT CHARSET=utf8mb4 COLLATE=utf8mb4_0900_ai_ci;
/*!40101 SET character_set_client = @saved_cs_client */;

--
-- Dumping data for table `club`
--

LOCK TABLES `club` WRITE;
/*!40000 ALTER TABLE `club` DISABLE KEYS */;
INSERT INTO `club` VALUES (1,'구미 지역의 축구 동호회입니다.','이미지 url','마이구미 축구 동호회','Y'),(2,'spurs','https://cdne-totv8-prod.azureedge.net/media/40307/spurs-blue-compressed.png?anchor=center&mode=crop&quality=100&width=500','spurs','Y'),(17,'한국어 스터디','','한국어','Y'),(18,'???. 1894 ? This Is Our City','https://k6d104.p.ssafy.io/fast/images/20220510&H04596fc9a0c117e3a4cc76e22d690695b033.jpg','ManCity','Y'),(20,'Liverpool Football Club','https://pbs.twimg.com/profile_images/1460579910095884288/waX3gy16_400x400.jpg','LFC','Y'),(23,'Champions of the World. ?⚽️','https://k6d104.p.ssafy.io/fast/images/20220510&H020501eff3becd3f43da9bf6309a18c08753.jpg','Chelsea FC','Y'),(29,'Arsenal Football Club','https://k6d104.p.ssafy.io/fast/images/20220510&H0126b336762bd7a0530e5bd292da6ee689be.jpg','Arsenal','Y'),(35,'pasta','https://k6d104.p.ssafy.io/fast/images/20220510&H000609c5a3b9439b0f0e0b93bd9ec4bc374f.jpg','Pasta','Y'),(36,'떡볶이','https://k6d104.p.ssafy.io/fast/images/20220510&H5816f88628a792ed03ac730c0f75c1a79015.jpg','Tteokbokki','Y'),(37,'Cheese Pizza Recipe: How to Make Cheese Pizza Reci','https://k6d104.p.ssafy.io/fast/images/20220510&H5757885f25ca94ee7516a8e5186708ee96e7.jpg','Pizza','Y'),(39,'ChickenChickenChickenChicken','https://k6d104.p.ssafy.io/fast/images/20220510&H5653039d0dc293ad28358d2b0a0e3f95c659.jpg','Fried Chicken','Y'),(41,'Cheesecake','https://k6d104.p.ssafy.io/fast/images/20220510&H562781667ee2e8a66c55bdfd44285d9c5613.jpg','New York Cheesecake','Y'),(42,'Lemon, Orange and Strawberry Macaroons','https://k6d104.p.ssafy.io/fast/images/20220510&H4858eab342b9e3071c47999c0c9f47003778.jpg','macaroon','Y'),(43,'생연어 사시미','https://k6d104.p.ssafy.io/fast/images/20220511&H2515d687c5d6c31fe3787797d315c005f0d4.jpg','Salmon Sashimi','Y'),(44,'맛집탐방 좋아요','','배고픈사람들','Y'),(50,'','','어린왕자','Y'),(51,'항공 직송 노르웨이 생연어 1kg 26,000','https://k6d104.p.ssafy.io/fast/images/20220519&H55280b58f0143e5e8e96adc433acc1edd3d4.jpg','salmon','Y'),(55,'React','https://k6d104.p.ssafy.io/fast/images/20220510&H1719f2ffb4ec11ac37871401c4015eb4ec6b.jpg','React','Y'),(56,'컴퓨터공학과 축구동아리','https://k6d104.p.ssafy.io/fast/images/20220511&H06156de140e00c5c3ccc30a257e4304356c2.jpg','C.O.S.T','Y'),(57,'금오공대 어쿠스틱 동아리','https://k6d104.p.ssafy.io/fast/images/20220511&H1101ce9f3294d73262069056eb0b930aed7f.jpg','소리샘','Y'),(60,'','','ab','Y'),(66,'먹짱 동호회','https://k6d104.p.ssafy.io/fast/images/20220519&H044293d3b2974831c73cdd9f9af44b71a506.jpg','냠냠','Y'),(67,'공부조아','https://k6d104.p.ssafy.io/fast/images/20220518&H461517028814b4a033f9202ab5f970d45d67.jpg','공조','Y'),(68,'12','','테스트','Y'),(74,'맛집투어 가즈아!!','','역삼동 맛집투어','Y'),(75,'냥냥펀치','','냥냥','Y'),(76,'모이자2','https://k6d104.p.ssafy.io/fast/images/20220518&H52414696d90255432d2e0fbc44f8c4979d0d.jpg','강남축구모임','Y'),(77,'추국','','축구','Y'),(84,'쿨쿨','https://k6d104.p.ssafy.io/fast/images/20220519&H2527e14de9117bd66f34c7f9b3b124aac82a.jpg','이상해씨','Y'),(85,'영수증을 부탁해 개발팀','https://k6d104.p.ssafy.io/fast/images/20220519&H3031f03e9eadab90aaa1404af79b291af0cf.jpg','영수증을 부탁해','Y'),(87,'총무 구함','https://k6d104.p.ssafy.io/fast/images/20220520&H251236fdf19a82a070499df3bddb883f9a01.jpg','이응','Y'),(89,'주 1회 노래방 투어','https://k6d104.p.ssafy.io/fast/images/20220520&H1935b9ab47eb23477c27a59169d5290542ce.jpg','노래왕 모임','Y');
/*!40000 ALTER TABLE `club` ENABLE KEYS */;
UNLOCK TABLES;

--
-- Table structure for table `club_crew`
--

DROP TABLE IF EXISTS `club_crew`;
/*!40101 SET @saved_cs_client     = @@character_set_client */;
/*!50503 SET character_set_client = utf8mb4 */;
CREATE TABLE `club_crew` (
  `club_crew_id` bigint NOT NULL AUTO_INCREMENT,
  `create_date` datetime NOT NULL,
  `update_date` datetime NOT NULL,
  `auth` varchar(10) NOT NULL,
  `club_id` bigint DEFAULT NULL,
  `crew_id` bigint DEFAULT NULL,
  PRIMARY KEY (`club_crew_id`),
  KEY `FKd82bre0dakrsbrttfipsvofpm` (`club_id`),
  KEY `FK68t8odb5ie4116qtp1v8yt9j2` (`crew_id`),
  CONSTRAINT `FK68t8odb5ie4116qtp1v8yt9j2` FOREIGN KEY (`crew_id`) REFERENCES `crew` (`crew_id`) ON DELETE CASCADE,
  CONSTRAINT `FKd82bre0dakrsbrttfipsvofpm` FOREIGN KEY (`club_id`) REFERENCES `club` (`club_id`) ON DELETE CASCADE
) ENGINE=InnoDB AUTO_INCREMENT=241 DEFAULT CHARSET=utf8mb4 COLLATE=utf8mb4_0900_ai_ci;
/*!40101 SET character_set_client = @saved_cs_client */;

--
-- Dumping data for table `club_crew`
--

LOCK TABLES `club_crew` WRITE;
/*!40000 ALTER TABLE `club_crew` DISABLE KEYS */;
INSERT INTO `club_crew` VALUES (2,'2022-05-04 09:15:43','2022-05-04 09:18:27','리더',1,2),(6,'2022-05-04 14:24:02','2022-05-04 14:24:02','리더',2,3),(21,'2022-05-05 15:50:43','2022-05-05 15:50:43','리더',17,3),(22,'2022-05-05 16:46:25','2022-05-05 16:46:25','리더',18,3),(24,'2022-05-05 16:51:16','2022-05-05 16:51:16','리더',20,3),(44,'2022-05-07 16:51:14','2022-05-07 16:51:14','리더',23,3),(50,'2022-05-07 22:34:24','2022-05-07 22:34:24','리더',29,3),(56,'2022-05-09 00:11:20','2022-05-09 00:11:20','리더',35,13),(57,'2022-05-09 00:17:22','2022-05-09 00:17:22','리더',36,13),(58,'2022-05-09 00:21:08','2022-05-09 00:21:08','리더',37,13),(60,'2022-05-09 00:24:34','2022-05-09 00:24:34','리더',39,13),(62,'2022-05-09 00:28:49','2022-05-09 00:28:49','리더',41,13),(63,'2022-05-09 00:31:16','2022-05-09 00:31:16','리더',42,13),(64,'2022-05-09 00:33:37','2022-05-12 01:16:04','리더',43,13),(65,'2022-05-09 10:41:26','2022-05-18 16:59:26','리더',44,5),(72,'2022-05-09 15:00:40','2022-05-09 15:00:40','리더',50,15),(77,'2022-05-09 22:13:22','2022-05-09 22:13:22','대기',23,13),(78,'2022-05-09 22:41:10','2022-05-18 16:59:26','회원',44,13),(80,'2022-05-09 23:01:10','2022-05-09 23:01:10','대기',50,13),(81,'2022-05-09 23:38:12','2022-05-09 23:38:12','대기',44,3),(83,'2022-05-09 23:38:25','2022-05-09 23:38:25','대기',42,3),(84,'2022-05-09 23:38:29','2022-05-09 23:38:29','대기',41,3),(85,'2022-05-10 09:57:45','2022-05-10 09:57:45','대기',20,13),(89,'2022-05-10 15:18:49','2022-05-10 15:18:49','대기',35,3),(91,'2022-05-10 15:31:21','2022-05-10 15:31:21','리더',51,13),(92,'2022-05-10 15:36:53','2022-05-10 15:36:53','대기',17,13),(96,'2022-05-10 16:09:07','2022-05-10 16:09:07','대기',1,5),(103,'2022-05-10 20:48:22','2022-05-12 14:01:46','회원',43,3),(105,'2022-05-10 21:17:20','2022-05-10 21:17:20','리더',55,13),(107,'2022-05-11 01:06:16','2022-05-11 01:06:16','리더',56,17),(108,'2022-05-11 01:11:01','2022-05-11 01:11:01','리더',57,17),(109,'2022-05-11 11:11:12','2022-05-11 11:14:11','회원',1,8),(110,'2022-05-11 11:21:21','2022-05-11 11:22:26','관리자',1,16),(115,'2022-05-12 14:35:17','2022-05-17 17:45:15','관리자',51,3),(116,'2022-05-12 15:24:59','2022-05-13 12:28:05','관리자',51,23),(117,'2022-05-12 15:25:04','2022-05-13 20:30:55','관리자',55,23),(118,'2022-05-12 15:25:17','2022-05-12 15:25:17','대기',1,3),(120,'2022-05-12 15:51:51','2022-05-16 14:31:43','회원',51,25),(121,'2022-05-12 15:52:15','2022-05-12 22:16:11','회원',51,26),(125,'2022-05-12 15:53:53','2022-05-17 17:45:26','회원',51,30),(126,'2022-05-12 15:54:14','2022-05-12 15:54:14','대기',51,31),(127,'2022-05-12 15:55:45','2022-05-12 15:55:45','대기',51,33),(128,'2022-05-12 16:24:41','2022-05-13 12:26:25','회원',51,28),(135,'2022-05-13 21:30:57','2022-05-13 21:30:57','리더',60,24),(136,'2022-05-13 21:44:52','2022-05-13 21:45:50','회원',51,24),(142,'2022-05-14 15:50:58','2022-05-14 15:50:58','리더',66,8),(143,'2022-05-15 23:09:29','2022-05-15 23:09:29','대기',18,13),(144,'2022-05-16 11:34:31','2022-05-16 11:34:31','리더',67,38),(150,'2022-05-16 13:24:32','2022-05-16 13:24:32','대기',29,13),(153,'2022-05-16 13:31:44','2022-05-16 13:37:57','회원',51,27),(154,'2022-05-16 13:32:12','2022-05-16 13:32:12','대기',51,29),(160,'2022-05-16 14:09:47','2022-05-16 14:09:47','대기',51,32),(161,'2022-05-16 14:50:32','2022-05-16 14:50:32','리더',68,40),(162,'2022-05-16 15:55:58','2022-05-16 15:55:58','대기',68,13),(163,'2022-05-16 15:56:10','2022-05-16 15:56:10','대기',67,13),(164,'2022-05-16 23:56:47','2022-05-16 23:56:47','대기',68,17),(165,'2022-05-16 23:57:38','2022-05-16 23:57:38','대기',67,17),(176,'2022-05-17 17:44:42','2022-05-20 00:25:02','관리자',66,13),(190,'2022-05-18 09:53:13','2022-05-18 09:53:48','관리자',51,17),(191,'2022-05-18 10:17:04','2022-05-18 10:17:04','대기',51,8),(207,'2022-05-18 13:08:28','2022-05-18 13:08:28','대기',1,43),(208,'2022-05-18 13:09:07','2022-05-18 13:09:07','리더',74,43),(209,'2022-05-18 13:17:30','2022-05-18 13:17:30','대기',74,13),(210,'2022-05-18 13:24:20','2022-05-18 13:27:54','관리자',51,14),(211,'2022-05-18 13:25:29','2022-05-18 13:25:29','리더',75,44),(212,'2022-05-18 13:27:40','2022-05-18 13:27:40','대기',43,14),(213,'2022-05-18 13:30:30','2022-05-18 13:30:30','리더',76,14),(214,'2022-05-18 13:30:58','2022-05-18 13:30:58','리더',77,5),(216,'2022-05-18 13:32:12','2022-05-18 13:32:55','회원',57,47),(218,'2022-05-19 10:17:42','2022-05-19 14:48:17','관리자',66,17),(228,'2022-05-19 18:04:05','2022-05-19 18:04:33','회원',67,8),(229,'2022-05-19 21:25:28','2022-05-19 21:25:28','리더',84,8),(230,'2022-05-19 23:29:38','2022-05-19 23:55:16','회원',84,17),(231,'2022-05-19 23:30:31','2022-05-19 23:30:31','리더',85,17),(233,'2022-05-20 00:25:13','2022-05-20 00:25:13','리더',87,2),(234,'2022-05-20 00:45:31','2022-05-20 10:24:38','관리자',85,8),(236,'2022-05-20 01:19:36','2022-05-20 01:19:36','리더',89,2),(239,'2022-05-20 10:32:40','2022-05-20 10:35:33','회원',66,2),(240,'2022-05-20 10:36:46','2022-05-20 10:36:46','대기',85,13);
/*!40000 ALTER TABLE `club_crew` ENABLE KEYS */;
UNLOCK TABLES;

--
-- Table structure for table `crew`
--

DROP TABLE IF EXISTS `crew`;
/*!40101 SET @saved_cs_client     = @@character_set_client */;
/*!50503 SET character_set_client = utf8mb4 */;
CREATE TABLE `crew` (
  `crew_id` bigint NOT NULL AUTO_INCREMENT,
  `create_date` datetime NOT NULL,
  `update_date` datetime NOT NULL,
  `email` varchar(120) NOT NULL,
  `name` varchar(64) NOT NULL,
  `password` varchar(255) NOT NULL,
  PRIMARY KEY (`crew_id`),
  UNIQUE KEY `UK_iorv6954bj72yfupfyc1lb0ea` (`email`),
  UNIQUE KEY `UKiorv6954bj72yfupfyc1lb0ea` (`email`)
) ENGINE=InnoDB AUTO_INCREMENT=51 DEFAULT CHARSET=utf8mb4 COLLATE=utf8mb4_0900_ai_ci;
/*!40101 SET character_set_client = @saved_cs_client */;

--
-- Dumping data for table `crew`
--

LOCK TABLES `crew` WRITE;
/*!40000 ALTER TABLE `crew` DISABLE KEYS */;
INSERT INTO `crew` VALUES (2,'2022-05-04 09:15:21','2022-05-17 23:54:21','keep2@receipt.com','영부해','$2a$10$9p6T6hK8aIx2681gJ3U4R.rvNDb5ubxpK68sze098tqP2d2dVKY.C'),(3,'2022-05-04 11:19:45','2022-05-04 11:19:45','spurs@spurs.com','spurs','$2a$10$CmFIT.7hUc7SsazPIA.D2OsIGeAZ7JHcskZbEGjdfiYlVBzIqZ3EG'),(4,'2022-05-04 13:09:36','2022-05-04 13:09:36','weaglk@naver.com','막걸리','$2a$10$IrKuTV65j2s8a8n17D9v/uexMjsjTODVCB9Y8ngleklgHhJHMDbG6'),(5,'2022-05-04 14:09:06','2022-05-20 01:33:20','test@test.com','방시혁','$2a$10$YelWWgNyX9rXKx.mDTKmKO8JK/RLum.R90nU5SQf5MAG2gKzzWhDC'),(6,'2022-05-05 21:43:06','2022-05-05 21:43:06','test@naver.com','허반장','$2a$10$iwRumIGEHrvoiaHDjx5joumHnu3CLYPa4Pqtef.5P07EeJuVc81RC'),(7,'2022-05-05 21:50:32','2022-05-05 21:50:32','tes1t@naver.com','허반장','$2a$10$Z9FTmSd7cYslV1Sbre9Uj.0P7kB1MZpQEa4OEUEBLmXQxwpFTG3ja'),(8,'2022-05-06 16:20:23','2022-05-06 16:20:23','keep@receipt.com','영수증','$2a$10$wULMAmiLllUmLstIy4NHfelWM8RI.ep.jhDIMS5GL8GLwABw5vKLi'),(9,'2022-05-08 18:41:28','2022-05-08 18:41:28','user1@naver.com','김싸피','$2a$10$rZl6RY0GRaKbSabP7U72AeqRnQExoKWqCUBftNYFpMXQjRZx6bpfK'),(10,'2022-05-08 18:47:29','2022-05-08 18:47:29','user2@naver.com','이','$2a$10$IdVZ07TC/qCWTyv8.49ZG.dRCOVKi59FzEqKtsQhJb1iqkPkJJlua'),(11,'2022-05-08 18:48:13','2022-05-08 18:48:13','user3@naver.com','박','$2a$10$oYCBDqOVL7tRPtsW9aOsC.l4cjM0UkmSINtFZadmAN8q6YdVgD.FK'),(12,'2022-05-08 20:37:16','2022-05-08 20:37:16','user4@naver.com','구씨','$2a$10$GmN3L4jLl4Uwbu9hyc.o3esVNth8Xs1rNr.iQNsvHfjgkTFU1.VjW'),(13,'2022-05-09 00:01:41','2022-05-19 13:31:42','pasta@pasta.com','정수지','$2a$10$xFkfqhzJfEaMcRwWkrToKe1zfSH2.UyyzOPHvoWBf.iqt8K3jnxKW'),(14,'2022-05-09 09:12:28','2022-05-18 13:31:06','mstkang@gmail.com','강싸피','$2a$10$IPP0DEdbZIOedhSBGPIgq.354ttfoGKqhLcJLj7KkMBfSXRUGX5ty'),(15,'2022-05-09 14:54:30','2022-05-09 14:54:30','adiens916@naver.com','adiens','$2a$10$ojdhpvm5hpzhhF3QuqpgeuVSmnmpToDVaru4L.3JrQNNu/seBH6k6'),(16,'2022-05-09 15:10:32','2022-05-09 15:10:32','ssafy@ssafy.com','123456!a','$2a$10$tt9RfhEPOml3P3CuedA8F.COfbOKAalnfXWFxQnLoUouG3OwH/yHO'),(17,'2022-05-09 15:16:08','2022-05-16 23:58:41','seojiwon335@ssafy.com','하하하','$2a$10$/4tG29UWnLVSYwTVSKVHOuyPLOQbM5PlkGlfTQT3WDBxSCdVsOb4u'),(18,'2022-05-09 15:51:27','2022-05-09 15:51:27','ssafy1@ssafy.com','123456!a','$2a$10$KyofVURX7UNt7fMAx0ZnouNjId6gFgu9/XoTCOyMbaGa2gpQDgsom'),(19,'2022-05-09 16:06:56','2022-05-09 16:06:56','user7@naver.com','유저','$2a$10$dNPLkPVFLaXwH2PImig2SeUrcYf4K9HxrFkvwq/IHe/1r9J4OK0pG'),(21,'2022-05-09 16:18:53','2022-05-09 16:18:53','user8@naver.com','유저','$2a$10$jVmwLvgKscu7S7Z8eJjugu53sDSjVVkqXVQwFoe/d1EoEsXGegO8u'),(22,'2022-05-10 23:46:21','2022-05-10 23:46:21','pmhvkfuy@naver.com','조태연','$2a$10$yKBKWOm2/G.kQiH2BtY3IeONMB/Zrw4../7lX4b7nIJDxI4haynS6'),(23,'2022-05-12 15:19:51','2022-05-12 15:19:51','pizza@pizza.com','pizza','$2a$10$8QfRSdSs3K0AD6CdD19lnepNo5yyFYy.PgpVZqwvjkdjJw8aYRtVS'),(24,'2022-05-12 15:49:51','2022-05-12 15:49:51','salmon@salmon.com','salmon','$2a$10$i/2eqUDJWiIsnjMgL2ISsuYECoDD8UDUWaDvnlArU4q5Km1lCaLAC'),(25,'2022-05-12 15:50:00','2022-05-12 15:50:00','salmon2@salmon.com','salmon2','$2a$10$CrutJz9AH64CnfXx37WJZ.iYiFKZvIopj97BzL3rddRFnOjRnm.7u'),(26,'2022-05-12 15:50:05','2022-05-12 15:50:05','salmon3@salmon.com','salmon3','$2a$10$M3LFe61RsU2ewk0sjq91WOA5M.rcPQNf00RtK6..kAz8Aw1Tv/F6O'),(27,'2022-05-12 15:50:11','2022-05-12 15:50:11','salmon4@salmon.com','salmon4','$2a$10$9kuFuYUkVzcQKXI69z0IR.nwqqclQBQLNcDEdiGILdE9uDoxZ4N/C'),(28,'2022-05-12 15:50:16','2022-05-12 15:50:16','salmon5@salmon.com','salmon5','$2a$10$7AUU8v9e8vUkRDR5OSGI7OMf7tbiw6amASNexR.x5HPAxqc7d1Qzq'),(29,'2022-05-12 15:50:22','2022-05-12 15:50:22','salmon6@salmon.com','salmon6','$2a$10$xjcNdRQaFAez4leU8hsoy.7zCVrg1wdxodE4PkBYoByI5UnaKT0Tq'),(30,'2022-05-12 15:50:26','2022-05-12 15:50:26','salmon7@salmon.com','salmon7','$2a$10$wr6i6wKg8bgavK77HsuYqeCrdZabAI1iXg47sYPwj2zTMJgT99DFO'),(31,'2022-05-12 15:50:32','2022-05-12 15:50:32','salmon8@salmon.com','salmon8','$2a$10$k4i3A/oJrQM3Rpbx57Fk4OOvgJKLFmExaT1xop7iJT3JhWTg/SxCu'),(32,'2022-05-12 15:50:37','2022-05-12 15:50:37','salmon9@salmon.com','salmon9','$2a$10$8FHsYzd4aKPs7eilqNoPu.6E.kYWlgMpjFwajU/G.gufgFNc0Qbk.'),(33,'2022-05-12 15:50:45','2022-05-12 15:50:45','salmon10@salmon.com','salmon10','$2a$10$2sMNwdeeJ9VJwIHgvH2.K.HyMa9kmsRUlYQh.OJ8Ixi9xTA6X5YNa'),(34,'2022-05-13 15:36:19','2022-05-13 15:36:19','asd@asd','ㅁㄴㅇ','$2a$10$ijEWbgNXkdvl2O2IP57rCuR0ZLNEyFq.6hISwbmRc1FGzkECgUg7m'),(35,'2022-05-16 03:07:03','2022-05-16 03:07:03','amethyst270@naver.com','이우영','$2a$10$GSQDioJgNfJyOY0QQqy0BOl5R8pg9eelB/3onMWtt6sr7WQaD2FQ.'),(36,'2022-05-16 03:09:02','2022-05-16 03:09:02','test1@test.com','닉네임','$2a$10$s2Eb2EeNMZRInJ9TfAKaVO9OUqXgAk81T3sGqYk.uX5AzY97N6sEW'),(37,'2022-05-16 03:09:55','2022-05-16 03:09:55','tesett@test.com','닉네임','$2a$10$cxDNSVFMrw5rN1jHIf7/9OZla8gkDrBrOmoRdzH5gqaSUhrk.Ojoq'),(38,'2022-05-16 11:33:13','2022-05-16 11:33:13','book@book.com','독서모임','$2a$10$i3c6tZXIESFwb1hKVVZIX.Dsbx3bB9y4ZIpbz0LadlgppfEXTP/qq'),(39,'2022-05-16 13:48:10','2022-05-16 13:48:10','pmhvkfuy@ssafy.com','조태연','$2a$10$08TA.OsuQ8y9jele0WZJHekpK11.U/ac2bm1.KeNyvMmlqOg4bzn2'),(40,'2022-05-16 13:54:07','2022-05-16 13:54:07','test2222@ssafy.com','조태연','$2a$10$ynmlTPMfx/AIgQ8r15ZJHuOGmgCbiz1HWe7soNXJ3s0YPYKmExOGi'),(41,'2022-05-17 16:18:35','2022-05-17 16:18:35','kee22p@receipt.com','영수증','$2a$10$VOoOWditJL7FvqD.jtGGO.zCcgzff3smv6QxqxWhvK32/3KSEojKW'),(42,'2022-05-17 16:39:10','2022-05-17 16:39:10','seojiwon@test.com','서지원투쓰','$2a$10$utaYXO0wshh9IJ5IpZkTLeBOsSfQkbxNgOrqOi6wStsH/pl0GJ28C'),(43,'2022-05-18 13:07:21','2022-05-18 13:07:21','mstkang@naver.com','강시몬','$2a$10$8NWbFcLqT/90gGd02rKfm.iWV5MBwfB7E.IQ9SG2UDMTjJuGORgja'),(44,'2022-05-18 13:24:56','2022-05-18 13:24:56','a@a.a','As','$2a$10$gdB5zn4IOMuIXVyyqiRuieJzPs2cohlKVoZOeP0to5hl/jnVJeuiG'),(45,'2022-05-18 13:28:49','2022-05-18 13:28:49','b@b.b','As','$2a$10$2ldjIUqLxSO.s8L/JPQzOurXeuGWFG/wDhse55XCInIk4NUxdjlWC'),(46,'2022-05-18 13:30:19','2022-05-18 13:30:19','c@c.c','asd','$2a$10$aHUgnNi3Pjt2EqFphGhu..82prLCeWI.b3T41vNAIgOMykEv8FeyG'),(47,'2022-05-18 13:31:08','2022-05-18 13:31:08','test@test.co.kr','test','$2a$10$zoFPt5lPr1IuVOdxh4Krr.KxEiqUoI9gqfMlZP2NqfDcBslZMEZda'),(48,'2022-05-18 13:39:41','2022-05-18 13:39:41','d@d.d','asd','$2a$10$tWOxVCiH4ic517QdI//g8efTylZkPvB4WLDV1EA9SKvH/7zj/UDMe'),(49,'2022-05-18 13:40:48','2022-05-18 13:40:48','asd@gmail.com','asd','$2a$10$M7YAio7QwYYgQ.I3mOHVme/PmnuMJaKAkDLMgf5PsBh0lqACtwHAW'),(50,'2022-05-20 09:51:19','2022-05-20 09:51:19','qweqwe@qwe.qwe','qrqwr','$2a$10$aHsiadZlzXgEbBxcf2hhKOWgrLTYjvUGk2mM3LGZk7wORt9e15pRi');
/*!40000 ALTER TABLE `crew` ENABLE KEYS */;
UNLOCK TABLES;

--
-- Table structure for table `crew_roles`
--

DROP TABLE IF EXISTS `crew_roles`;
/*!40101 SET @saved_cs_client     = @@character_set_client */;
/*!50503 SET character_set_client = utf8mb4 */;
CREATE TABLE `crew_roles` (
  `crew_crew_id` bigint NOT NULL,
  `roles` varchar(255) DEFAULT NULL,
  KEY `FKphx4ragbbb8jydv6ciudc030h` (`crew_crew_id`),
  CONSTRAINT `FKphx4ragbbb8jydv6ciudc030h` FOREIGN KEY (`crew_crew_id`) REFERENCES `crew` (`crew_id`)
) ENGINE=InnoDB DEFAULT CHARSET=utf8mb4 COLLATE=utf8mb4_0900_ai_ci;
/*!40101 SET character_set_client = @saved_cs_client */;

--
-- Dumping data for table `crew_roles`
--

LOCK TABLES `crew_roles` WRITE;
/*!40000 ALTER TABLE `crew_roles` DISABLE KEYS */;
INSERT INTO `crew_roles` VALUES (2,'ROLE_USER'),(3,'ROLE_USER'),(4,'ROLE_USER'),(5,'ROLE_USER'),(6,'ROLE_USER'),(7,'ROLE_USER'),(8,'ROLE_USER'),(9,'ROLE_USER'),(10,'ROLE_USER'),(11,'ROLE_USER'),(12,'ROLE_USER'),(13,'ROLE_USER'),(14,'ROLE_USER'),(15,'ROLE_USER'),(16,'ROLE_USER'),(17,'ROLE_USER'),(18,'ROLE_USER'),(19,'ROLE_USER'),(21,'ROLE_USER'),(22,'ROLE_USER'),(23,'ROLE_USER'),(24,'ROLE_USER'),(25,'ROLE_USER'),(26,'ROLE_USER'),(27,'ROLE_USER'),(28,'ROLE_USER'),(29,'ROLE_USER'),(30,'ROLE_USER'),(31,'ROLE_USER'),(32,'ROLE_USER'),(33,'ROLE_USER'),(34,'ROLE_USER'),(35,'ROLE_USER'),(36,'ROLE_USER'),(37,'ROLE_USER'),(38,'ROLE_USER'),(39,'ROLE_USER'),(40,'ROLE_USER'),(41,'ROLE_USER'),(42,'ROLE_USER'),(43,'ROLE_USER'),(44,'ROLE_USER'),(45,'ROLE_USER'),(46,'ROLE_USER'),(47,'ROLE_USER'),(48,'ROLE_USER'),(49,'ROLE_USER'),(50,'ROLE_USER');
/*!40000 ALTER TABLE `crew_roles` ENABLE KEYS */;
UNLOCK TABLES;

--
-- Table structure for table `crew_token`
--

DROP TABLE IF EXISTS `crew_token`;
/*!40101 SET @saved_cs_client     = @@character_set_client */;
/*!50503 SET character_set_client = utf8mb4 */;
CREATE TABLE `crew_token` (
  `crew_token_id` bigint NOT NULL AUTO_INCREMENT,
  `fcm_token` varchar(255) DEFAULT NULL,
  `is_allowed_push` varchar(1) NOT NULL DEFAULT 'Y',
  `refresh_token` varchar(255) DEFAULT NULL,
  `crew_id` bigint DEFAULT NULL,
  PRIMARY KEY (`crew_token_id`),
  KEY `FK4hta7bdc4nathnif7u8yl3l7c` (`crew_id`),
  CONSTRAINT `FK4hta7bdc4nathnif7u8yl3l7c` FOREIGN KEY (`crew_id`) REFERENCES `crew` (`crew_id`) ON DELETE CASCADE
) ENGINE=InnoDB AUTO_INCREMENT=137 DEFAULT CHARSET=utf8mb4 COLLATE=utf8mb4_0900_ai_ci;
/*!40101 SET character_set_client = @saved_cs_client */;

--
-- Dumping data for table `crew_token`
--

LOCK TABLES `crew_token` WRITE;
/*!40000 ALTER TABLE `crew_token` DISABLE KEYS */;
INSERT INTO `crew_token` VALUES (11,'doPKY4ACQz-1Bt0g3-36Z1Z','Y',NULL,2),(13,'cdi8o5FabrH_8Mi28Ca3It:APA91bFM1cgNBDlul69y6hz-EbMh266fBVG-s0R5q-u_TMg_Pa0BgktjEHWkyx-ZD3i7Hmk69DoCCdVwTTaPB6sGDnE1akM_2Q6F2XfTMv7jEiianA62RNLVhwnI3ivI5jr_h__zWLgV','Y','eyJhbGciOiJIUzI1NiJ9.eyJpYXQiOjE2NTE3NTM3NzQsImV4cCI6MTY1MjM1ODU3NH0.f3xjPfJ0L4mv5eh7myUIG2CkxKKC3HStnk72C8G_pUg',5),(14,'cdi8o5FabrH_8Mi28Ca3It:APA91bH8FCLFTbq-NKcJmFIPqXCZBGVastalbOHxL4BdpSj7urULAaL9IYHXn__VuyJMVGYMxzgf3OCFD6-l9r9GzLu00DC_idaj7FIWdBD_TrDBDJahsAtDu2Lv6PGD9SLdKXoCjfae','Y',NULL,5),(19,'fm8hrEvUQs2H-PrwTmag2_:APA91bG2xqy35-ANXmVDCTW4tfUKKXFLrH-lxF_c9ap7dNocj_ri-TRLzh8nE8XirQuEk-8D3tp1b3nfmPT61tYpSqvbrsjCYJA89tIboXxvo099SCXg_tWWaAjZlrpigc8','Y','eyJhbGciOiJIUzI1NiJ9.eyJpYXQiOjE2NTE4MDYzOTksImV4cCI6MTY1MjQxMTE5OX0.nx6OGpXNR25oPOI2hQSj7MBWSScHbTi0EUZ3H4P7mfk',2),(21,'fkZeeWIH1WLOCzKTPUUTUo:APA91bEA9Q-xOC0xWruBIeVDyVPjNXdPrO0IHUdqIIJmTKAHeOOwWfQDLfw1qn35ZlNtj2LhtwPnyKFlBdNH-k8PnBmww-I-O3ZUm8Nu9mz5Mxf6dzvl49o-CZy6njnwVUOqraLIGWZG','Y',NULL,3),(22,'cdi8o5FabrH_8Mi28Ca3It:APA91bH8FCLFTbq-NKcJmFIPqXCZBGVastalbOHxL4BdpSj7urULAaL9IYHXn__VuyJMVGYMxzgf3OCFD6-l9r9GzLu00DC_idaj7FIWdBD_TrDBDJahsAtDu2Lv6PGD9SLdKXoCjfae','Y',NULL,9),(23,'cdi8o5FabrH_8Mi28Ca3It:APA91bH8FCLFTbq-NKcJmFIPqXCZBGVastalbOHxL4BdpSj7urULAaL9IYHXn__VuyJMVGYMxzgf3OCFD6-l9r9GzLu00DC_idaj7FIWdBD_TrDBDJahsAtDu2Lv6PGD9SLdKXoCjfae','Y',NULL,12),(25,'ea5iP27Bms_6SnII4bN-sa:APA91bEwBdeUA8CsVIN0gpq0FB3mYtNTVQy9I0EQZqSn6XiSzyvPGRLj1C4s_WpEFQfpVwotgtXbYOV5zrHBgs4AumvSk7PPAz5luCQmlbNjZDCte4tP28glzCIIfJHlHffCFBLsw2tx','Y','eyJhbGciOiJIUzI1NiJ9.eyJpYXQiOjE2NTI5NDQwNjQsImV4cCI6MTY1MzU0ODg2NH0.Ru07N8b0Jm1z4zFo8ePmTIObYmG7yousGdczjJIs_k0',14),(26,'fkZeeWIH1WLOCzKTPUUTUo:APA91bEA9Q-xOC0xWruBIeVDyVPjNXdPrO0IHUdqIIJmTKAHeOOwWfQDLfw1qn35ZlNtj2LhtwPnyKFlBdNH-k8PnBmww-I-O3ZUm8Nu9mz5Mxf6dzvl49o-CZy6njnwVUOqraLIGWZG','Y','eyJhbGciOiJIUzI1NiJ9.eyJpYXQiOjE2NTMwMDU4MzcsImV4cCI6MTY1MzYxMDYzN30.AuTXPwDEwCpsGZPDZj7NxDYizvZbW7lwfTxyst7nHqA',13),(27,'ffxNtx4mvv-Wcm1OxuBvYP:APA91bGYP6XNAsIn5H4rEOAJWJBCS74ifIDwwXYLeAJKopw1LkwNCTLq8L7kM6kKOvqcXsv-0STQKCjHSJMrsGU8-nbc5JUE2ZP0RuEUMfSNI7KBFeucecMOzUnYy4GpLUFduIyxBRWw','Y',NULL,3),(28,'fbCAp9Uc9NTOb8wWK70Soz:APA91bGzaEd4hKgRd1gKJjRKh1xZ3DdMwaAU1-Ip4jVuhtOZTjpVed6JFagUiAuuPv9PY-Yk8LJ3nrQRy4Dp9XVfCXpTTTG9MrBwh6k62UFRqZp1f_FC9l12bqqMPen322QKcO3CmddH','Y',NULL,3),(29,'fYwE-r4djQWd_swuEpFily:APA91bHztm1jZy24FaZQb4PIx6NseAokjWEqNdSH5sju1bv6RVySeJp37eCOLY12VZer6T9-Ws_ENoxf73jk2NUF36BfWnA9-Waz9aebe0HTeP13P16eDJ2nXT1-HyD646LbVnW4nO0S','Y','eyJhbGciOiJIUzI1NiJ9.eyJpYXQiOjE2NTIwNzU5OTAsImV4cCI6MTY1MjY4MDc5MH0.OGE0NGE0zuuzabLOmakpQCU-DKnCtvtwgbeUlR51ZEw',15),(30,'fZJkrTczTMShOGS6Xe0dX-:APA91bE4nMsNWmv_h4ErtCKZ8u_U4Xvj43GYuZrWXQ-i7gF8e6figRjcHzI7U_21mUHGTzjQvxe-y4_9KFIph7g3rGxURI3NuiQzgTFqDdEJsqwWt8m3gub2fS0vTnCgRbuROfbCBYT_','Y','eyJhbGciOiJIUzI1NiJ9.eyJpYXQiOjE2NTIwNzYyMTcsImV4cCI6MTY1MjY4MTAxN30.1DcS-tkwG1LqbSA1U6stXXH0QiYlG2ydsN3xhxGzPew',15),(31,'eKlc3feaomN1MLGgmzpeAD:APA91bGTpV0tYPwtz7hYGrsok8YrBn5ZI2lZ8Ve1c5AWoosJZM-nbw-qky3y8tEMlehq-4xouczqkVzkHLekVbxKUyPRi2-nPnvl8HdOz_cIbqYenDV7dZ4R1f24o47pjTKXbDsZPFhO','Y','eyJhbGciOiJIUzI1NiJ9.eyJpYXQiOjE2NTI3NTIwNTAsImV4cCI6MTY1MzM1Njg1MH0.wYea2qnBsx_awa1JhuQ8NvitrcDoGCNczMR2b_b3Kg8',13),(32,'cKAfkE242l2pAvD9eWWx2x:APA91bFGIUflQ0m7yG5Jsk42ehsWEGYpHK9w6bCPLyB53aNMKCU3-K2dsOaM2EhC0mRwxSsl8TUXleYHNkF5A3BIU3VmbL5S43zdtxbSk4S69PqvGKHkkK6OyI_QcHpCQo_L_6sI4YU7','Y','eyJhbGciOiJIUzI1NiJ9.eyJpYXQiOjE2NTI0MzI5MTAsImV4cCI6MTY1MzAzNzcxMH0.sJoo3_-GNHUtOs-0KOJE2N-g_X8w60QXHlPaWgm2sYM',13),(33,'eRHmkGlBNALE-6k3an6-tq:APA91bFC-P5MHdq3xHp8Si0GRaGFwqVFwWgs8NpIB5cHswa9NEehA97SYAWWPJzLLmOKTxz5NeRcEqKmtOCa3eqIj8ZkXaPUZ5Uk8-jjh5C_NHxdDguKo89RNUDuMViZa1SDpSEERaQJ','Y',NULL,16),(34,'eRfbkDbhInOX8NrbuTUm8_:APA91bGd4YwJ9gNU3QFC57hI5so69TjV1CCVI1U0ltXQF9SbdR7ItaealwXSi9LKSIf872EOFaxODr3gJi7FjqdeM4WZQpFobSoxOZciW2LYJcYBvboE_Lf-qZqX2BLTZR_fWrUy-VCU','Y','eyJhbGciOiJIUzI1NiJ9.eyJpYXQiOjE2NTIwNzkyNTksImV4cCI6MTY1MjY4NDA1OX0.Is4Mc9J08VxZivYInw37yUXY9IxBAHeEoVhD-qKi_30',16),(35,'eRfbkDbhInOX8NrbuTUm8_:APA91bFoZ0_cvzVAt41XQsJt_eslGZt1DJzYUi615hi7dQhw9Tdl6tA-kHiTNo5amBTh4Ct1xcTsdUgow8PycJG6-9JDfxIlemUJfMXQr6HI1JNWEGm7gR6E31K47rCCrxs-lTUDI4LE','Y',NULL,16),(36,'ffxNtx4mvv-Wcm1OxuBvYP:APA91bGYP6XNAsIn5H4rEOAJWJBCS74ifIDwwXYLeAJKopw1LkwNCTLq8L7kM6kKOvqcXsv-0STQKCjHSJMrsGU8-nbc5JUE2ZP0RuEUMfSNI7KBFeucecMOzUnYy4GpLUFduIyxBRWw','Y','eyJhbGciOiJIUzI1NiJ9.eyJpYXQiOjE2NTMwMDkzMTUsImV4cCI6MTY1MzYxNDExNX0.fXIFeqBkpCGn9ZdOxJLVPQ_h_gBL__91is1VnFcWtMY',13),(37,'fbCAp9Uc9NTOb8wWK70Soz:APA91bGzaEd4hKgRd1gKJjRKh1xZ3DdMwaAU1-Ip4jVuhtOZTjpVed6JFagUiAuuPv9PY-Yk8LJ3nrQRy4Dp9XVfCXpTTTG9MrBwh6k62UFRqZp1f_FC9l12bqqMPen322QKcO3CmddH','Y','eyJhbGciOiJIUzI1NiJ9.eyJpYXQiOjE2NTIwODAxODUsImV4cCI6MTY1MjY4NDk4NX0.LfpUL4lxpL_S8UhUqqrT_f70bz_RwlOyDpoSgS1S8pI',13),(38,'f6jWflMO2AeAmaeI3ukuwm:APA91bFPNFCQzbOk6R1MXbHZ929YrEsAZr2BNLXrlaKT7A9d1HbuKHLpB4ToQoUCCaCmmoti6aJvmRQTdRjlm3sQLGEqelQxR2DGNTpjLK5sbxWKZe89uQQTb12AYg4FXfGw1598A841','Y','eyJhbGciOiJIUzI1NiJ9.eyJpYXQiOjE2NTMwMTMwNzcsImV4cCI6MTY1MzYxNzg3N30.rbnrlj6fkMR5k8lRHx_pD2pqM6PdcZ1ASnroDyh6lNA',17),(39,'fMSi6ZHw9f4v3LFeZZQ5Ob:APA91bFC5FHDItY0yzv8uJx2hTjATmxU-dxo5_5mo2LqKFFlQHLjkU658Uqqxnpi4Z1ry5LRdfr84_L8QcogpxtrHWEPLePlY9Y3h2Cm4mSruvhPYJqpJt7ZexWPWYdUrK1cyvxxu2ZO','Y',NULL,16),(41,'cKAfkE242l2pAvD9eWWx2x:APA91bFGIUflQ0m7yG5Jsk42ehsWEGYpHK9w6bCPLyB53aNMKCU3-K2dsOaM2EhC0mRwxSsl8TUXleYHNkF5A3BIU3VmbL5S43zdtxbSk4S69PqvGKHkkK6OyI_QcHpCQo_L_6sI4YU7','Y',NULL,3),(42,'eRHmkGlBNALE-6k3an6-tq:APA91bFC-P5MHdq3xHp8Si0GRaGFwqVFwWgs8NpIB5cHswa9NEehA97SYAWWPJzLLmOKTxz5NeRcEqKmtOCa3eqIj8ZkXaPUZ5Uk8-jjh5C_NHxdDguKo89RNUDuMViZa1SDpSEERaQJ','Y',NULL,8),(43,'eRHmkGlBNALE-6k3an6-tq:APA91bFC-P5MHdq3xHp8Si0GRaGFwqVFwWgs8NpIB5cHswa9NEehA97SYAWWPJzLLmOKTxz5NeRcEqKmtOCa3eqIj8ZkXaPUZ5Uk8-jjh5C_NHxdDguKo89RNUDuMViZa1SDpSEERaQJ','Y','eyJhbGciOiJIUzI1NiJ9.eyJpYXQiOjE2NTI5NzM4OTgsImV4cCI6MTY1MzU3ODY5OH0.i4aNtSJduhhu6gfEu7iqSCio6j6cq0N0KD-R56LmMyw',2),(48,'cdi8o5FabrH_8Mi28Ca3It:APA91bH8FCLFTbq-NKcJmFIPqXCZBGVastalbOHxL4BdpSj7urULAaL9IYHXn__VuyJMVGYMxzgf3OCFD6-l9r9GzLu00DC_idaj7FIWdBD_TrDBDJahsAtDu2Lv6PGD9SLdKXoCjfae','Y',NULL,2),(50,'fkZeeWIH1WLOCzKTPUUTUo:APA91bEA9Q-xOC0xWruBIeVDyVPjNXdPrO0IHUdqIIJmTKAHeOOwWfQDLfw1qn35ZlNtj2LhtwPnyKFlBdNH-k8PnBmww-I-O3ZUm8Nu9mz5Mxf6dzvl49o-CZy6njnwVUOqraLIGWZG','Y',NULL,23),(51,'cKAfkE242l2pAvD9eWWx2x:APA91bFGIUflQ0m7yG5Jsk42ehsWEGYpHK9w6bCPLyB53aNMKCU3-K2dsOaM2EhC0mRwxSsl8TUXleYHNkF5A3BIU3VmbL5S43zdtxbSk4S69PqvGKHkkK6OyI_QcHpCQo_L_6sI4YU7','Y',NULL,24),(52,'cKAfkE242l2pAvD9eWWx2x:APA91bFGIUflQ0m7yG5Jsk42ehsWEGYpHK9w6bCPLyB53aNMKCU3-K2dsOaM2EhC0mRwxSsl8TUXleYHNkF5A3BIU3VmbL5S43zdtxbSk4S69PqvGKHkkK6OyI_QcHpCQo_L_6sI4YU7','Y',NULL,25),(53,'cKAfkE242l2pAvD9eWWx2x:APA91bFGIUflQ0m7yG5Jsk42ehsWEGYpHK9w6bCPLyB53aNMKCU3-K2dsOaM2EhC0mRwxSsl8TUXleYHNkF5A3BIU3VmbL5S43zdtxbSk4S69PqvGKHkkK6OyI_QcHpCQo_L_6sI4YU7','Y',NULL,26),(54,'cKAfkE242l2pAvD9eWWx2x:APA91bFGIUflQ0m7yG5Jsk42ehsWEGYpHK9w6bCPLyB53aNMKCU3-K2dsOaM2EhC0mRwxSsl8TUXleYHNkF5A3BIU3VmbL5S43zdtxbSk4S69PqvGKHkkK6OyI_QcHpCQo_L_6sI4YU7','Y',NULL,27),(55,'cKAfkE242l2pAvD9eWWx2x:APA91bFGIUflQ0m7yG5Jsk42ehsWEGYpHK9w6bCPLyB53aNMKCU3-K2dsOaM2EhC0mRwxSsl8TUXleYHNkF5A3BIU3VmbL5S43zdtxbSk4S69PqvGKHkkK6OyI_QcHpCQo_L_6sI4YU7','Y',NULL,28),(56,'cKAfkE242l2pAvD9eWWx2x:APA91bFGIUflQ0m7yG5Jsk42ehsWEGYpHK9w6bCPLyB53aNMKCU3-K2dsOaM2EhC0mRwxSsl8TUXleYHNkF5A3BIU3VmbL5S43zdtxbSk4S69PqvGKHkkK6OyI_QcHpCQo_L_6sI4YU7','Y',NULL,29),(57,'cKAfkE242l2pAvD9eWWx2x:APA91bFGIUflQ0m7yG5Jsk42ehsWEGYpHK9w6bCPLyB53aNMKCU3-K2dsOaM2EhC0mRwxSsl8TUXleYHNkF5A3BIU3VmbL5S43zdtxbSk4S69PqvGKHkkK6OyI_QcHpCQo_L_6sI4YU7','Y',NULL,30),(58,'cKAfkE242l2pAvD9eWWx2x:APA91bFGIUflQ0m7yG5Jsk42ehsWEGYpHK9w6bCPLyB53aNMKCU3-K2dsOaM2EhC0mRwxSsl8TUXleYHNkF5A3BIU3VmbL5S43zdtxbSk4S69PqvGKHkkK6OyI_QcHpCQo_L_6sI4YU7','Y',NULL,31),(59,'fkZeeWIH1WLOCzKTPUUTUo:APA91bEA9Q-xOC0xWruBIeVDyVPjNXdPrO0IHUdqIIJmTKAHeOOwWfQDLfw1qn35ZlNtj2LhtwPnyKFlBdNH-k8PnBmww-I-O3ZUm8Nu9mz5Mxf6dzvl49o-CZy6njnwVUOqraLIGWZG','Y',NULL,33),(61,'dMsSuEYE5UL-w2XgMCraH2:APA91bF3CFdC4PwkvfKOn2Szt0443waXq60wmjvUig6EnE3rYyEOOFnCOUAFUv4KfO6JCxaJ9alpmVlOVAfSphV3qPqomjfLoosyAPUePqLJ4NqLumrTuxRLgqPr4zHd_z9PhzzFaPn3','Y','eyJhbGciOiJIUzI1NiJ9.eyJpYXQiOjE2NTI0NzIyMTUsImV4cCI6MTY1MzA3NzAxNX0.GqKMkb_S5FxtxttZjRbkYhvaLFv1_ue_FG3DjvSqsog',17),(66,'fkZeeWIH1WLOCzKTPUUTUo:APA91bEA9Q-xOC0xWruBIeVDyVPjNXdPrO0IHUdqIIJmTKAHeOOwWfQDLfw1qn35ZlNtj2LhtwPnyKFlBdNH-k8PnBmww-I-O3ZUm8Nu9mz5Mxf6dzvl49o-CZy6njnwVUOqraLIGWZG','Y',NULL,25),(67,'fkZeeWIH1WLOCzKTPUUTUo:APA91bEA9Q-xOC0xWruBIeVDyVPjNXdPrO0IHUdqIIJmTKAHeOOwWfQDLfw1qn35ZlNtj2LhtwPnyKFlBdNH-k8PnBmww-I-O3ZUm8Nu9mz5Mxf6dzvl49o-CZy6njnwVUOqraLIGWZG','Y',NULL,24),(69,'csfd_JPQTCFMG8WBoozzoD:APA91bEzKgh5JmLP1lEC3U-sf7Ctuxlnap5THykPokHub38-P2NqrR0TIsMrYnEmpsG-cRc-cAGB-RuqBwELcdCEiUnSTcHcm0eYAU2S7XGkqMYu_yYcF_fuculHHpRdkmMOte1aXrjM','Y','eyJhbGciOiJIUzI1NiJ9.eyJpYXQiOjE2NTMwMDI1ODAsImV4cCI6MTY1MzYwNzM4MH0._-2-Ajw5cKlYB-ZhtozWaEFfAilsmVvzTCDmpo4sJbI',13),(73,'d8y3WjUffLn4rqyccxCnt4:APA91bE_KHxWf6iR717Zy7qoE8g-2hyc-27Ve3CHUB2flBE7toV2MQIDq7zpkhMvx5tJDotnzl8hPFpRogc_R6kxgJDxTIplBT_zShISmHY-JNe_PHe80AgrbbfvfQ5grQNvgQj1bHX4','Y','eyJhbGciOiJIUzI1NiJ9.eyJpYXQiOjE2NTI2NjQyNTQsImV4cCI6MTY1MzI2OTA1NH0.kAj0XksJcMRdWc6wtRxytHy2X508bA_VfdlVHPPHET0',16),(74,'d8y3WjUffLn4rqyccxCnt4:APA91bHZmYZp4qIc7_7k-kU_ONCYOIPEG0jv3Qd-Z546fPDtkXxXous89cj1pvEsQ0rE8EjhA4tc5RYDSShD2lMGCFNZ5nNw-OudFg2Q456h_klYLbM6EbnnaXDv4pDQTMMugq4shqOb','Y',NULL,16),(77,'fkZeeWIH1WLOCzKTPUUTUo:APA91bEA9Q-xOC0xWruBIeVDyVPjNXdPrO0IHUdqIIJmTKAHeOOwWfQDLfw1qn35ZlNtj2LhtwPnyKFlBdNH-k8PnBmww-I-O3ZUm8Nu9mz5Mxf6dzvl49o-CZy6njnwVUOqraLIGWZG','Y',NULL,27),(78,'fkZeeWIH1WLOCzKTPUUTUo:APA91bEA9Q-xOC0xWruBIeVDyVPjNXdPrO0IHUdqIIJmTKAHeOOwWfQDLfw1qn35ZlNtj2LhtwPnyKFlBdNH-k8PnBmww-I-O3ZUm8Nu9mz5Mxf6dzvl49o-CZy6njnwVUOqraLIGWZG','Y',NULL,29),(79,'fkZeeWIH1WLOCzKTPUUTUo:APA91bEA9Q-xOC0xWruBIeVDyVPjNXdPrO0IHUdqIIJmTKAHeOOwWfQDLfw1qn35ZlNtj2LhtwPnyKFlBdNH-k8PnBmww-I-O3ZUm8Nu9mz5Mxf6dzvl49o-CZy6njnwVUOqraLIGWZG','Y',NULL,32),(80,'ffxNtx4mvv-Wcm1OxuBvYP:APA91bGYP6XNAsIn5H4rEOAJWJBCS74ifIDwwXYLeAJKopw1LkwNCTLq8L7kM6kKOvqcXsv-0STQKCjHSJMrsGU8-nbc5JUE2ZP0RuEUMfSNI7KBFeucecMOzUnYy4GpLUFduIyxBRWw','Y',NULL,32),(82,'fD_ZhYL5QImFFmoMOcemI5:APA91bHJEp1fSL3i6GFJE1fIXaZxwKjhApkvVdGgqP7NQ0C2Z0hswgl8NLC-RvMB4rY3jggrN--KxrEp5r1k3Uab_XRMtHKGtwbbI1hi8pMFdbWsMAmYIrRDV02JAA_UhiB9TpVdUDDP','Y','eyJhbGciOiJIUzI1NiJ9.eyJpYXQiOjE2NTMwMTI4MTMsImV4cCI6MTY1MzYxNzYxM30.2DB7yxrdSAzGwZnqEUXgUCYC3kWJRyvefcnbfL1Hmyc',13),(85,'eRfbkDbhInOX8NrbuTUm8_:APA91bFoZ0_cvzVAt41XQsJt_eslGZt1DJzYUi615hi7dQhw9Tdl6tA-kHiTNo5amBTh4Ct1xcTsdUgow8PycJG6-9JDfxIlemUJfMXQr6HI1JNWEGm7gR6E31K47rCCrxs-lTUDI4LE','Y','eyJhbGciOiJIUzI1NiJ9.eyJpYXQiOjE2NTI3NjU0OTQsImV4cCI6MTY1MzM3MDI5NH0.66AE9yAsLEVdalvQAsTWnVFVfjl-PCLbjWp10yWE4CE',8),(88,'cdi8o5FabrH_8Mi28Ca3It:APA91bH8FCLFTbq-NKcJmFIPqXCZBGVastalbOHxL4BdpSj7urULAaL9IYHXn__VuyJMVGYMxzgf3OCFD6-l9r9GzLu00DC_idaj7FIWdBD_TrDBDJahsAtDu2Lv6PGD9SLdKXoCjfae','Y',NULL,13),(91,'d8y3WjUffLn4rqyccxCnt4:APA91bHZmYZp4qIc7_7k-kU_ONCYOIPEG0jv3Qd-Z546fPDtkXxXous89cj1pvEsQ0rE8EjhA4tc5RYDSShD2lMGCFNZ5nNw-OudFg2Q456h_klYLbM6EbnnaXDv4pDQTMMugq4shqOb','Y',NULL,2),(92,'d8y3WjUffLn4rqyccxCnt4:APA91bHZmYZp4qIc7_7k-kU_ONCYOIPEG0jv3Qd-Z546fPDtkXxXous89cj1pvEsQ0rE8EjhA4tc5RYDSShD2lMGCFNZ5nNw-OudFg2Q456h_klYLbM6EbnnaXDv4pDQTMMugq4shqOb','Y',NULL,13),(93,'d8y3WjUffLn4rqyccxCnt4:APA91bHZmYZp4qIc7_7k-kU_ONCYOIPEG0jv3Qd-Z546fPDtkXxXous89cj1pvEsQ0rE8EjhA4tc5RYDSShD2lMGCFNZ5nNw-OudFg2Q456h_klYLbM6EbnnaXDv4pDQTMMugq4shqOb','N','eyJhbGciOiJIUzI1NiJ9.eyJpYXQiOjE2NTMwMDIxODYsImV4cCI6MTY1MzYwNjk4Nn0.GuR7WWnFjogzKQe_ZsHfJfkp1icQ0s7oDe9LYE06Sjg',8),(95,'deDA2hDO92ZvYodISJQEfk:APA91bHgTqArcint_QXQ-0gB8JdYU4HkvvmkSwh1jP7JKZ7muZtqDGwhz5hxHYqt2twH196y273ccCoxOnxP504CfYB8lRcd0bWKO-SKXBLuNDRNgw996VkQXKArar33Cr75WcFxSe8J','Y','eyJhbGciOiJIUzI1NiJ9.eyJpYXQiOjE2NTI4ODEwMDcsImV4cCI6MTY1MzQ4NTgwN30.JZBQYYLP_9SmDVHKaoLZIrTOUVKhvCA3HRoh7q_jizk',8),(97,'f6jWflMO2AeAmaeI3ukuwm:APA91bFPNFCQzbOk6R1MXbHZ929YrEsAZr2BNLXrlaKT7A9d1HbuKHLpB4ToQoUCCaCmmoti6aJvmRQTdRjlm3sQLGEqelQxR2DGNTpjLK5sbxWKZe89uQQTb12AYg4FXfGw1598A841','Y',NULL,16),(98,'cdi8o5FabrH_8Mi28Ca3It:APA91bH8FCLFTbq-NKcJmFIPqXCZBGVastalbOHxL4BdpSj7urULAaL9IYHXn__VuyJMVGYMxzgf3OCFD6-l9r9GzLu00DC_idaj7FIWdBD_TrDBDJahsAtDu2Lv6PGD9SLdKXoCjfae','Y',NULL,36),(101,'cugRfjDeT02kGCkj0u8HqE:APA91bFeg79bfRycXVydmjI6X_N0CxF22Vew-JcK9MTa9m1q6z4WDgtXYYzDHvWiuwg4YlYC1cd6biBAuaSTyz4D6GHSDLJVji2EgeMJL05lCcSXQ6Y5RtlJMZ-WfVKX7UxsxS2waqwD','Y','eyJhbGciOiJIUzI1NiJ9.eyJpYXQiOjE2NTI4NDY5ODEsImV4cCI6MTY1MzQ1MTc4MX0.pZsI0PuWEa2O-oei5vskmKVrFKwVBVU2tMjrK_yu9NQ',43),(102,'fNLsyXroQDemP2vgOmDld_:APA91bEGY12QcxUJusoKICjBWlBmbBRQiszWM0CS-SLWSsGqYj9Z1_uiXy03iTsQ3Uwu_5JYzkHWVcIVMOPSqE6j17Dqcv7N-23BLJDnp-DmVXVmwOZ1Ph7gFyxWvGHRsovSEuDqW9aF','Y',NULL,44),(103,'fNLsyXroQDemP2vgOmDld_:APA91bEGY12QcxUJusoKICjBWlBmbBRQiszWM0CS-SLWSsGqYj9Z1_uiXy03iTsQ3Uwu_5JYzkHWVcIVMOPSqE6j17Dqcv7N-23BLJDnp-DmVXVmwOZ1Ph7gFyxWvGHRsovSEuDqW9aF','Y',NULL,46),(104,'f6jWflMO2AeAmaeI3ukuwm:APA91bFPNFCQzbOk6R1MXbHZ929YrEsAZr2BNLXrlaKT7A9d1HbuKHLpB4ToQoUCCaCmmoti6aJvmRQTdRjlm3sQLGEqelQxR2DGNTpjLK5sbxWKZe89uQQTb12AYg4FXfGw1598A841','Y',NULL,47),(105,'fNLsyXroQDemP2vgOmDld_:APA91bEGY12QcxUJusoKICjBWlBmbBRQiszWM0CS-SLWSsGqYj9Z1_uiXy03iTsQ3Uwu_5JYzkHWVcIVMOPSqE6j17Dqcv7N-23BLJDnp-DmVXVmwOZ1Ph7gFyxWvGHRsovSEuDqW9aF','Y',NULL,48),(106,'fNLsyXroQDemP2vgOmDld_:APA91bEGY12QcxUJusoKICjBWlBmbBRQiszWM0CS-SLWSsGqYj9Z1_uiXy03iTsQ3Uwu_5JYzkHWVcIVMOPSqE6j17Dqcv7N-23BLJDnp-DmVXVmwOZ1Ph7gFyxWvGHRsovSEuDqW9aF','Y',NULL,49),(107,'fMSi6ZHw9f4v3LFeZZQ5Ob:APA91bFC5FHDItY0yzv8uJx2hTjATmxU-dxo5_5mo2LqKFFlQHLjkU658Uqqxnpi4Z1ry5LRdfr84_L8QcogpxtrHWEPLePlY9Y3h2Cm4mSruvhPYJqpJt7ZexWPWYdUrK1cyvxxu2ZO','Y','eyJhbGciOiJIUzI1NiJ9.eyJpYXQiOjE2NTI5ODUwNTUsImV4cCI6MTY1MzU4OTg1NX0.Lv3WSQv2-Iishegxd6P39RfPAgDuJD7VVN37-i3sAZM',8),(109,'doPKY4ACQz-1Bt0g3-36ZZ:APA91bFUwzafFF-SxpjmZSULvTkjRmQNH_v3_1vQNbwYol6FovmUhq-adKC6skHxk9KSJ2xdTMCNVB2jbl9dtl5Rh5-3zCJ4PpyJEiTeixqMHQd9x8K28xtioI4jUyPaDw4SI7duPWEK','Y','eyJhbGciOiJIUzI1NiJ9.eyJpYXQiOjE2NTMwMTMwNzYsImV4cCI6MTY1MzYxNzg3Nn0.k5Dhhl7RMey7eP30Q1ICcW7XqmpSFufGrK4rzH7KNd8',8),(110,'e5kdx4cTEz7FL94yH98IC2:APA91bGOfLEyShLYsiOzrxBYDOZw2XOC71is_af43XfMMyIEcT2-20z0TUl41zdZ8rZlNIxhf7ynv-M7-kYsRCf8rXuvkBQ2z-fRiXsHITvd1eWWG2q2b55tErhkWdTO8aghmP5be7fr','Y','eyJhbGciOiJIUzI1NiJ9.eyJpYXQiOjE2NTMwMDM1MDAsImV4cCI6MTY1MzYwODMwMH0.pz9FycOwqXI8Ioo4lvjZ5sBgpwkCxZsTIVSN_hex9m4',38),(113,'fwV7Z9jcQPiNhyMqRGLNxl:APA91bEB7dRzijYkbsClB6w12yLUuQYCNI-d7fPqXN9w1pekpKrnp5ShDmHyaYoIUUEA7_QC-Pr-qtDxJtVLiM8UM3UhefHwj9ze-cFZtNzvSJYyj0FN0xWV69jtW3Y1QqhviDP5uTq1','Y',NULL,8),(114,'f6jWflMO2AeAmaeI3ukuwm:APA91bFPNFCQzbOk6R1MXbHZ929YrEsAZr2BNLXrlaKT7A9d1HbuKHLpB4ToQoUCCaCmmoti6aJvmRQTdRjlm3sQLGEqelQxR2DGNTpjLK5sbxWKZe89uQQTb12AYg4FXfGw1598A841','Y',NULL,38),(119,'fwV7Z9jcQPiNhyMqRGLNxl:APA91bEB7dRzijYkbsClB6w12yLUuQYCNI-d7fPqXN9w1pekpKrnp5ShDmHyaYoIUUEA7_QC-Pr-qtDxJtVLiM8UM3UhefHwj9ze-cFZtNzvSJYyj0FN0xWV69jtW3Y1QqhviDP5uTq1','Y','eyJhbGciOiJIUzI1NiJ9.eyJpYXQiOjE2NTI5NDk5MTgsImV4cCI6MTY1MzU1NDcxOH0.OEE2C477rENNhpNVI9_bI6oAj7MOd88KAKrPmOZEhQ0',38),(122,'dFeo3teITK8qt2qYTHnG_E:APA91bHTIc8ENX6dpg5PQiWzL3g_r3HQM_uRApgZQmTwa4myEZqxSyvotPWJx2XJypsrahxw5npbJbtcDuZBktY3Jnlo9iDOhjyJTSYAPm8t0XOMitIzESXGB2ZkOIC2MdWwp4DO4YQ-','Y','eyJhbGciOiJIUzI1NiJ9.eyJpYXQiOjE2NTMwMTE1MjYsImV4cCI6MTY1MzYxNjMyNn0.OMb-W8CcgXaH8WDM0Ck92gJrDWD6uM02HGqRvdFNTfI',13),(124,'dFeo3teITK8qt2qYTHnG_E:APA91bHTIc8ENX6dpg5PQiWzL3g_r3HQM_uRApgZQmTwa4myEZqxSyvotPWJx2XJypsrahxw5npbJbtcDuZBktY3Jnlo9iDOhjyJTSYAPm8t0XOMitIzESXGB2ZkOIC2MdWwp4DO4YQ-','Y',NULL,2),(126,'dFeo3teITK8qt2qYTHnG_E:APA91bHTIc8ENX6dpg5PQiWzL3g_r3HQM_uRApgZQmTwa4myEZqxSyvotPWJx2XJypsrahxw5npbJbtcDuZBktY3Jnlo9iDOhjyJTSYAPm8t0XOMitIzESXGB2ZkOIC2MdWwp4DO4YQ-','Y',NULL,5),(128,'fouVd579gSThWy3b0eecDt:APA91bE_se7WGzEaq24SEL8WXWOIbCf52o3dc5GlgDsvMF90tcg2Y2LkBtUBbEM7lJ19XJC9vK6EaGd3WhdVk1PxA-SbkIUyy1N6S5ftpyjdlzxbh48azcO5utaiTcsfRoYrEP-vhe-r','Y',NULL,13),(129,'fkZeeWIH1WLOCzKTPUUTUo:APA91bEA9Q-xOC0xWruBIeVDyVPjNXdPrO0IHUdqIIJmTKAHeOOwWfQDLfw1qn35ZlNtj2LhtwPnyKFlBdNH-k8PnBmww-I-O3ZUm8Nu9mz5Mxf6dzvl49o-CZy6njnwVUOqraLIGWZG','Y',NULL,38),(130,'ffxNtx4mvv-Wcm1OxuBvYP:APA91bGYP6XNAsIn5H4rEOAJWJBCS74ifIDwwXYLeAJKopw1LkwNCTLq8L7kM6kKOvqcXsv-0STQKCjHSJMrsGU8-nbc5JUE2ZP0RuEUMfSNI7KBFeucecMOzUnYy4GpLUFduIyxBRWw','Y',NULL,38),(131,'eMp9z2UO5o3826KAPsnVCq:APA91bFO5LAHdaxoWDVsQnDfFOAJcDU3m4sXp4iNemw2BxoESnI0dJR4QdfqwN7R4aexfnBm776PnYXpeyRnuDuOTrAheM33hsm6yT_0IyyRE3_k4Y1OYPpcxO7S_e3zSU7mC_FyY7G7','Y','eyJhbGciOiJIUzI1NiJ9.eyJpYXQiOjE2NTI5ODM3NjcsImV4cCI6MTY1MzU4ODU2N30.Rd-B-uXeKFZMV_S94PZweiXVwIlo5DfuH_3BFQw3yJk',8),(133,'fouVd579gSThWy3b0eecDt:APA91bE_se7WGzEaq24SEL8WXWOIbCf52o3dc5GlgDsvMF90tcg2Y2LkBtUBbEM7lJ19XJC9vK6EaGd3WhdVk1PxA-SbkIUyy1N6S5ftpyjdlzxbh48azcO5utaiTcsfRoYrEP-vhe-r','Y','eyJhbGciOiJIUzI1NiJ9.eyJpYXQiOjE2NTMwMTI1OTQsImV4cCI6MTY1MzYxNzM5NH0.XEyjpKnc2w52FGfyM6gZug4In0GOiv1tYw3gu2xEI6M',5),(134,'dN_Kl3AXp1WZ4xD-1OLCB0:APA91bFLf6A6OumwGNbB53bJ9uiPvBfJq6bHdo3RpsqBas-FY3a4Ip39LMRNXJg1-pEJ5j6ZsG43UklkXVUoAIRqfgwF3Z3grxZaklwULO-f5mD2gT7rQQ1kq3qyJMeo6KMHrSRLoMCQ','Y',NULL,8),(135,'dN_Kl3AXp1WZ4xD-1OLCB0:APA91bFLf6A6OumwGNbB53bJ9uiPvBfJq6bHdo3RpsqBas-FY3a4Ip39LMRNXJg1-pEJ5j6ZsG43UklkXVUoAIRqfgwF3Z3grxZaklwULO-f5mD2gT7rQQ1kq3qyJMeo6KMHrSRLoMCQ','Y','eyJhbGciOiJIUzI1NiJ9.eyJpYXQiOjE2NTMwMTAzMDYsImV4cCI6MTY1MzYxNTEwNn0.T-c9LBwbRRDDg90diWiqt0OK-hH6UaR9qPwnSI7B1q4',2),(136,'eh47kfVWRVeTWAOOrKpr49:APA91bENptHGZ0xRLC1qY1XQJxc6KxbgbZTAXui07rjvT-OOcFcXk_TKJ1orvhXVz32BGCV15QJ0-LTwSV4gJWAcP7w-GET0Q5NRfsCHrl720G6OVsqPzQfo4dp6AbqkzCRV-C3vZjBZ','Y','eyJhbGciOiJIUzI1NiJ9.eyJpYXQiOjE2NTMwMTI5OTgsImV4cCI6MTY1MzYxNzc5OH0.kK5D3FyDIGXxJsa7_bMdsLSPBB6OeJmvfzKpz6pMXt4',8);
/*!40000 ALTER TABLE `crew_token` ENABLE KEYS */;
UNLOCK TABLES;

--
-- Table structure for table `lcategory`
--

DROP TABLE IF EXISTS `lcategory`;
/*!40101 SET @saved_cs_client     = @@character_set_client */;
/*!50503 SET character_set_client = utf8mb4 */;
CREATE TABLE `lcategory` (
  `lcategory_id` bigint NOT NULL AUTO_INCREMENT,
  `lc_name` varchar(255) NOT NULL,
  `lc_type` varchar(255) NOT NULL,
  PRIMARY KEY (`lcategory_id`)
) ENGINE=InnoDB AUTO_INCREMENT=17 DEFAULT CHARSET=utf8mb4 COLLATE=utf8mb4_0900_ai_ci;
/*!40101 SET character_set_client = @saved_cs_client */;

--
-- Dumping data for table `lcategory`
--

LOCK TABLES `lcategory` WRITE;
/*!40000 ALTER TABLE `lcategory` DISABLE KEYS */;
INSERT INTO `lcategory` VALUES (3,'현금 및 현금성자산','자산'),(4,'유형자산','자산'),(5,'선급금','자산'),(6,'기타자산','자산'),(7,'전기예산','예산'),(8,'활동지원금','예산'),(9,'회비','예산'),(10,'후원비','예산'),(11,'복리후생비','지출'),(12,'여가교통비','지출'),(13,'소모품비','지출'),(14,'기타비용','지출'),(15,'수입','수입'),(16,'기타수입','수입');
/*!40000 ALTER TABLE `lcategory` ENABLE KEYS */;
UNLOCK TABLES;

--
-- Table structure for table `notification`
--

DROP TABLE IF EXISTS `notification`;
/*!40101 SET @saved_cs_client     = @@character_set_client */;
/*!50503 SET character_set_client = utf8mb4 */;
CREATE TABLE `notification` (
  `notification_id` bigint NOT NULL AUTO_INCREMENT,
  `create_date` datetime NOT NULL,
  `update_date` datetime NOT NULL,
  `body` varchar(255) DEFAULT NULL,
  `club_id` bigint DEFAULT NULL,
  `is_read` varchar(1) NOT NULL DEFAULT 'N',
  `noti_code` varchar(10) NOT NULL,
  `req_id` bigint DEFAULT NULL,
  `title` varchar(255) DEFAULT NULL,
  `crew_id` bigint DEFAULT NULL,
  `request_id` bigint DEFAULT NULL,
  PRIMARY KEY (`notification_id`),
  KEY `FKjwwuep6ixpxy5us9y4tx7r95w` (`crew_id`),
  KEY `FKt6y7h9a92evj69tqa5hp5ilf6` (`club_id`),
  CONSTRAINT `FKjwwuep6ixpxy5us9y4tx7r95w` FOREIGN KEY (`crew_id`) REFERENCES `crew` (`crew_id`) ON DELETE CASCADE,
  CONSTRAINT `FKt6y7h9a92evj69tqa5hp5ilf6` FOREIGN KEY (`club_id`) REFERENCES `club` (`club_id`) ON DELETE CASCADE
) ENGINE=InnoDB AUTO_INCREMENT=423 DEFAULT CHARSET=utf8mb4 COLLATE=utf8mb4_0900_ai_ci;
/*!40101 SET character_set_client = @saved_cs_client */;

--
-- Dumping data for table `notification`
--

LOCK TABLES `notification` WRITE;
/*!40000 ALTER TABLE `notification` DISABLE KEYS */;
INSERT INTO `notification` VALUES (18,'2022-05-09 15:13:32','2022-05-09 15:13:32','마이구미 축구 동호회 가입 요청이 승인되었습니다.',1,'N','가입',NULL,'가입 승인 알림',16,NULL),(20,'2022-05-09 15:15:41','2022-05-13 11:26:45','마이구미 축구 동호회 가입 요청이 승인되었습니다.',1,'Y','가입',NULL,'가입 승인 알림',16,NULL),(22,'2022-05-09 15:23:07','2022-05-09 15:23:07','마이구미 축구 동호회 가입 요청이 승인되었습니다.',1,'N','가입',NULL,'가입 승인 알림',16,0),(24,'2022-05-09 22:13:22','2022-05-09 22:13:22','pasta님이 Chelsea FC 가입을 요청하였습니다.',23,'N','가입',NULL,'가입 요청 알림',3,NULL),(25,'2022-05-09 22:41:10','2022-05-09 22:41:10','pasta님이 배고픈사람들 가입을 요청하였습니다.',44,'N','가입',NULL,'가입 요청 알림',5,NULL),(26,'2022-05-09 22:42:05','2022-05-09 22:42:05','pasta님이 Arsenal 가입을 요청하였습니다.',29,'N','가입',NULL,'가입 요청 알림',3,NULL),(27,'2022-05-09 23:01:10','2022-05-09 23:01:10','pasta님이 어린왕자 가입을 요청하였습니다.',50,'N','가입',NULL,'가입 요청 알림',15,NULL),(28,'2022-05-09 23:38:12','2022-05-09 23:38:12','spurs님이 배고픈사람들 가입을 요청하였습니다.',44,'N','가입',NULL,'가입 요청 알림',5,NULL),(29,'2022-05-09 23:38:21','2022-05-09 23:38:21','spurs님이 Salmon Sashimi 가입을 요청하였습니다.',43,'N','가입',NULL,'가입 요청 알림',13,NULL),(30,'2022-05-09 23:38:25','2022-05-09 23:38:25','spurs님이 macaroon 가입을 요청하였습니다.',42,'N','가입',NULL,'가입 요청 알림',13,NULL),(31,'2022-05-09 23:38:29','2022-05-09 23:38:29','spurs님이 New York Cheesecake 가입을 요청하였습니다.',41,'N','가입',NULL,'가입 요청 알림',13,NULL),(32,'2022-05-10 09:57:45','2022-05-10 09:57:45','pasta님이 LFC 가입을 요청하였습니다.',20,'N','가입',NULL,'가입 요청 알림',3,NULL),(33,'2022-05-10 14:58:48','2022-05-10 14:58:48','Salmon Sashimi 가입 요청이 거절되었습니다.',43,'N','가입',NULL,'가입 거절 알림',3,NULL),(34,'2022-05-10 15:00:00','2022-05-10 15:00:00','spurs님이 Salmon Sashimi 가입을 요청하였습니다.',43,'N','가입',NULL,'가입 요청 알림',13,NULL),(35,'2022-05-10 15:00:20','2022-05-10 15:00:20','Salmon Sashimi 가입 요청이 거절되었습니다.',43,'N','가입',NULL,'가입 거절 알림',3,NULL),(36,'2022-05-10 15:00:38','2022-05-17 09:31:18','spurs님이 Salmon Sashimi 가입을 요청하였습니다.',43,'Y','가입',NULL,'가입 요청 알림',13,NULL),(37,'2022-05-10 15:05:00','2022-05-10 15:05:00','Salmon Sashimi 가입 요청이 거절되었습니다.',43,'N','가입',NULL,'가입 거절 알림',3,NULL),(38,'2022-05-10 15:06:20','2022-05-10 15:06:20','spurs님이 Salmon Sashimi 가입을 요청하였습니다.',43,'N','가입',NULL,'가입 요청 알림',13,NULL),(39,'2022-05-10 15:18:49','2022-05-10 15:18:49','spurs님이 Pasta 가입을 요청하였습니다.',35,'N','가입',NULL,'가입 요청 알림',13,NULL),(40,'2022-05-10 15:28:00','2022-05-10 15:28:00','Salmon Sashimi 가입 요청이 거절되었습니다.',43,'N','가입',NULL,'가입 거절 알림',3,NULL),(41,'2022-05-10 15:28:21','2022-05-10 15:28:21','spurs님이 Salmon Sashimi 가입을 요청하였습니다.',43,'N','가입',NULL,'가입 요청 알림',13,NULL),(42,'2022-05-10 15:28:32','2022-05-10 15:28:32','Salmon Sashimi 가입 요청이 거절되었습니다.',43,'N','가입',NULL,'가입 거절 알림',3,NULL),(43,'2022-05-10 15:36:53','2022-05-10 15:36:53','pasta님이 한국어 가입을 요청하였습니다.',17,'N','가입',NULL,'가입 요청 알림',3,NULL),(46,'2022-05-10 15:49:52','2022-05-10 15:49:52','spurs님이 Salmon Sashimi 가입을 요청하였습니다.',43,'N','가입',NULL,'가입 요청 알림',13,NULL),(47,'2022-05-10 15:50:02','2022-05-10 15:50:02','Salmon Sashimi 가입 요청이 거절되었습니다.',43,'N','가입',NULL,'가입 거절 알림',3,NULL),(49,'2022-05-10 17:18:45','2022-05-10 17:18:45','spurs님이 Salmon Sashimi 가입을 요청하였습니다.',43,'N','가입',NULL,'가입 요청 알림',13,NULL),(50,'2022-05-10 17:20:08','2022-05-10 17:20:08','Salmon Sashimi 가입 요청이 거절되었습니다.',43,'N','가입',NULL,'가입 거절 알림',3,NULL),(52,'2022-05-10 20:47:59','2022-05-10 20:47:59','spurs님이 Salmon Sashimi 가입을 요청하였습니다.',43,'N','가입',NULL,'가입 요청 알림',13,NULL),(53,'2022-05-10 20:48:06','2022-05-10 20:48:06','Salmon Sashimi 가입 요청이 거절되었습니다.',43,'N','가입',NULL,'가입 거절 알림',3,NULL),(54,'2022-05-10 20:48:22','2022-05-10 20:48:22','spurs님이 Salmon Sashimi 가입을 요청하였습니다.',43,'N','가입',NULL,'가입 요청 알림',13,NULL),(55,'2022-05-10 20:48:29','2022-05-10 20:48:29','Salmon Sashimi 가입 요청이 승인되었습니다.',43,'N','가입',NULL,'가입 승인 알림',3,NULL),(56,'2022-05-10 20:50:40','2022-05-10 20:50:40','spurs님이 salmon 가입을 요청하였습니다.',51,'N','가입',NULL,'가입 요청 알림',13,NULL),(57,'2022-05-10 20:51:06','2022-05-10 20:51:06','salmon 가입 요청이 거절되었습니다.',51,'N','가입',NULL,'가입 거절 알림',3,NULL),(58,'2022-05-11 00:05:48','2022-05-11 00:05:48','spurs님이 salmon 가입을 요청하였습니다.',51,'N','가입',NULL,'가입 요청 알림',13,NULL),(62,'2022-05-11 11:19:54','2022-05-13 16:44:56','마이구미 축구 동호회 가입 요청이 승인되었습니다.',1,'Y','가입',NULL,'가입 승인 알림',16,NULL),(64,'2022-05-11 11:21:31','2022-05-12 18:00:48','마이구미 축구 동호회 가입 요청이 승인되었습니다.',1,'Y','가입',NULL,'가입 승인 알림',16,NULL),(69,'2022-05-11 22:18:33','2022-05-11 22:18:33','마이구미 축구 동호회 가입 요청이 승인되었습니다.',1,'N','가입',NULL,'가입 승인 알림',13,NULL),(70,'2022-05-12 00:29:34','2022-05-12 00:29:34','Salmon Sashimi 가입 요청이 승인되었습니다.',43,'N','가입',NULL,'가입 승인 알림',3,NULL),(71,'2022-05-12 00:32:13','2022-05-12 00:32:13','Salmon Sashimi 가입 요청이 승인되었습니다.',43,'N','가입',NULL,'가입 승인 알림',3,NULL),(72,'2022-05-12 01:12:31','2022-05-12 01:12:31','Salmon Sashimi 가입 요청이 승인되었습니다.',43,'N','가입',NULL,'가입 승인 알림',3,NULL),(73,'2022-05-12 01:14:18','2022-05-12 01:14:18','Salmon Sashimi 가입 요청이 승인되었습니다.',43,'N','가입',NULL,'가입 승인 알림',3,NULL),(74,'2022-05-12 13:13:25','2022-05-12 13:13:25','salmon 가입 요청이 승인되었습니다.',51,'N','가입',NULL,'가입 승인 알림',3,NULL),(76,'2022-05-12 13:53:37','2022-05-12 13:53:37','영수증님이 7500원을 청구하였습니다.',1,'N','청구',NULL,'청구 알림',16,10),(80,'2022-05-12 14:10:19','2022-05-12 18:00:33','영수증님이 40800원을 청구하였습니다.',1,'Y','청구',NULL,'청구 알림',16,11),(81,'2022-05-12 14:35:01','2022-05-12 14:35:01','spurs님이 salmon 가입을 요청하였습니다.',51,'N','가입',NULL,'가입 요청 알림',13,NULL),(82,'2022-05-12 14:35:08','2022-05-12 14:35:08','salmon 가입 요청이 거절되었습니다.',51,'N','가입',NULL,'가입 거절 알림',3,NULL),(83,'2022-05-12 14:35:17','2022-05-12 14:35:17','spurs님이 salmon 가입을 요청하였습니다.',51,'N','가입',NULL,'가입 요청 알림',13,NULL),(84,'2022-05-12 14:35:24','2022-05-12 14:35:24','salmon 가입 요청이 승인되었습니다.',51,'N','가입',NULL,'가입 승인 알림',3,NULL),(87,'2022-05-12 15:24:59','2022-05-12 15:24:59','pizza님이 salmon 가입을 요청하였습니다.',51,'N','가입',NULL,'가입 요청 알림',13,NULL),(88,'2022-05-12 15:25:04','2022-05-12 15:25:04','pizza님이 React 가입을 요청하였습니다.',55,'N','가입',NULL,'가입 요청 알림',13,NULL),(90,'2022-05-12 15:28:22','2022-05-12 15:28:22','React 가입 요청이 승인되었습니다.',55,'N','가입',NULL,'가입 승인 알림',23,NULL),(91,'2022-05-12 15:51:28','2022-05-12 15:51:28','salmon님이 salmon 가입을 요청하였습니다.',51,'N','가입',NULL,'가입 요청 알림',13,NULL),(92,'2022-05-12 15:51:51','2022-05-12 15:51:51','salmon2님이 salmon 가입을 요청하였습니다.',51,'N','가입',NULL,'가입 요청 알림',13,NULL),(93,'2022-05-12 15:52:15','2022-05-12 15:52:15','salmon3님이 salmon 가입을 요청하였습니다.',51,'N','가입',NULL,'가입 요청 알림',13,NULL),(94,'2022-05-12 15:52:41','2022-05-12 15:52:41','salmon4님이 salmon 가입을 요청하였습니다.',51,'N','가입',NULL,'가입 요청 알림',13,NULL),(95,'2022-05-12 15:53:01','2022-05-12 15:53:01','salmon5님이 salmon 가입을 요청하였습니다.',51,'N','가입',NULL,'가입 요청 알림',13,NULL),(96,'2022-05-12 15:53:23','2022-05-12 15:53:23','salmon6님이 salmon 가입을 요청하였습니다.',51,'N','가입',NULL,'가입 요청 알림',13,NULL),(97,'2022-05-12 15:53:53','2022-05-12 15:53:53','salmon7님이 salmon 가입을 요청하였습니다.',51,'N','가입',NULL,'가입 요청 알림',13,NULL),(98,'2022-05-12 15:54:14','2022-05-12 15:54:14','salmon8님이 salmon 가입을 요청하였습니다.',51,'N','가입',NULL,'가입 요청 알림',13,NULL),(99,'2022-05-12 15:55:45','2022-05-12 15:55:45','salmon10님이 salmon 가입을 요청하였습니다.',51,'N','가입',NULL,'가입 요청 알림',13,NULL),(100,'2022-05-12 16:24:16','2022-05-12 16:24:16','salmon 가입 요청이 거절되었습니다.',51,'N','가입',NULL,'가입 거절 알림',28,NULL),(101,'2022-05-12 16:24:41','2022-05-12 16:24:41','salmon5님이 salmon 가입을 요청하였습니다.',51,'N','가입',NULL,'가입 요청 알림',13,NULL),(102,'2022-05-12 18:00:40','2022-05-12 18:00:40','40800원 청구가 거절되었습니다.',1,'N','청구',NULL,'청구 거절 알림',2,11),(103,'2022-05-12 19:46:21','2022-05-12 19:46:21','salmon 가입 요청이 승인되었습니다.',51,'N','가입',NULL,'가입 승인 알림',23,NULL),(104,'2022-05-12 20:12:47','2022-05-12 20:12:47','salmon 가입 요청이 승인되었습니다.',51,'N','가입',NULL,'가입 승인 알림',24,NULL),(105,'2022-05-12 20:12:50','2022-05-12 20:12:50','salmon 가입 요청이 승인되었습니다.',51,'N','가입',NULL,'가입 승인 알림',25,NULL),(106,'2022-05-12 20:12:54','2022-05-12 20:12:54','salmon 가입 요청이 승인되었습니다.',51,'N','가입',NULL,'가입 승인 알림',26,NULL),(107,'2022-05-13 00:28:03','2022-05-13 00:28:03','영수증님이 15000원을 청구하였습니다.',1,'N','청구',NULL,'청구 알림',2,13),(108,'2022-05-13 00:28:03','2022-05-13 10:00:07','영수증님이 15000원을 청구하였습니다.',1,'Y','청구',NULL,'청구 알림',16,13),(109,'2022-05-13 00:38:48','2022-05-13 00:38:48','15000원이 승인되었습니다.',1,'N','청구',NULL,'청구 승인 알림',2,13),(110,'2022-05-13 09:09:57','2022-05-13 09:09:57','15000원이 승인되었습니다.',1,'N','청구',NULL,'청구 승인 알림',2,13),(111,'2022-05-13 09:37:15','2022-05-13 09:37:15','123456!a님이 7500원을 청구하였습니다.',1,'N','청구',NULL,'청구 알림',2,14),(114,'2022-05-13 12:26:03','2022-05-13 12:26:03','salmon 가입 요청이 승인되었습니다.',51,'N','가입',NULL,'가입 승인 알림',28,NULL),(115,'2022-05-13 14:10:11','2022-05-13 14:10:11','15000원이 승인되었습니다.',1,'N','청구',NULL,'청구 승인 알림',2,13),(116,'2022-05-13 15:39:44','2022-05-13 15:39:44','40800원 청구가 거절되었습니다.',1,'N','청구',NULL,'청구 거절 알림',2,11),(117,'2022-05-13 16:37:55','2022-05-13 16:37:55','salmon님이 React 가입을 요청하였습니다.',55,'N','가입',NULL,'가입 요청 알림',13,NULL),(118,'2022-05-13 16:41:14','2022-05-13 16:41:14','salmon님이 salmon 가입을 요청하였습니다.',51,'N','가입',NULL,'가입 요청 알림',13,NULL),(119,'2022-05-13 16:42:05','2022-05-13 16:42:05','salmon 가입 요청이 승인되었습니다.',51,'N','가입',NULL,'가입 승인 알림',24,NULL),(120,'2022-05-13 16:43:24','2022-05-13 16:43:24','salmon님이 salmon 가입을 요청하였습니다.',51,'N','가입',NULL,'가입 요청 알림',13,NULL),(121,'2022-05-13 16:43:38','2022-05-13 16:43:38','salmon 가입 요청이 승인되었습니다.',51,'N','가입',NULL,'가입 승인 알림',24,NULL),(122,'2022-05-13 16:47:18','2022-05-13 20:23:13','salmon님이 salmon 가입을 요청하였습니다.',51,'Y','가입',NULL,'가입 요청 알림',13,NULL),(123,'2022-05-13 16:47:28','2022-05-13 16:47:28','salmon 가입 요청이 승인되었습니다.',51,'N','가입',NULL,'가입 승인 알림',24,NULL),(124,'2022-05-13 20:30:49','2022-05-13 20:30:49','React 가입 요청이 승인되었습니다.',55,'N','가입',NULL,'가입 승인 알림',24,NULL),(125,'2022-05-13 21:44:52','2022-05-13 21:44:52','salmon님이 salmon 가입을 요청하였습니다.',51,'N','가입',NULL,'가입 요청 알림',13,NULL),(126,'2022-05-13 21:45:50','2022-05-13 21:45:50','salmon 가입 요청이 승인되었습니다.',51,'N','가입',NULL,'가입 승인 알림',24,NULL),(129,'2022-05-15 15:06:29','2022-05-15 15:06:29','배고픈사람들 가입 요청이 승인되었습니다.',44,'N','가입',NULL,'가입 승인 알림',13,NULL),(130,'2022-05-15 23:09:29','2022-05-15 23:09:29','pasta님이 ManCity 가입을 요청하였습니다.',18,'N','가입',NULL,'가입 요청 알림',3,NULL),(171,'2022-05-16 13:21:28','2022-05-16 13:21:28','Arsenal 가입 요청이 거절되었습니다.',29,'N','가입',NULL,'가입 거절 알림',13,NULL),(172,'2022-05-16 13:21:41','2022-05-16 13:21:41','pasta님이 Arsenal 가입을 요청하였습니다.',29,'N','가입',NULL,'가입 요청 알림',3,NULL),(173,'2022-05-16 13:22:23','2022-05-16 13:22:23','Arsenal 가입 요청이 거절되었습니다.',29,'N','가입',NULL,'가입 거절 알림',13,NULL),(174,'2022-05-16 13:22:30','2022-05-16 13:22:30','pasta님이 Arsenal 가입을 요청하였습니다.',29,'N','가입',NULL,'가입 요청 알림',3,NULL),(175,'2022-05-16 13:22:43','2022-05-16 13:22:43','Arsenal 가입 요청이 거절되었습니다.',29,'N','가입',NULL,'가입 거절 알림',13,NULL),(176,'2022-05-16 13:22:54','2022-05-16 13:22:54','pasta님이 Arsenal 가입을 요청하였습니다.',29,'N','가입',NULL,'가입 요청 알림',3,NULL),(177,'2022-05-16 13:23:23','2022-05-16 13:23:23','Arsenal 가입 요청이 거절되었습니다.',29,'N','가입',NULL,'가입 거절 알림',13,NULL),(178,'2022-05-16 13:23:32','2022-05-16 13:23:32','pasta님이 Arsenal 가입을 요청하였습니다.',29,'N','가입',NULL,'가입 요청 알림',3,NULL),(179,'2022-05-16 13:24:13','2022-05-16 13:24:13','Arsenal 가입 요청이 거절되었습니다.',29,'N','가입',NULL,'가입 거절 알림',13,NULL),(180,'2022-05-16 13:24:19','2022-05-16 13:24:19','pasta님이 Arsenal 가입을 요청하였습니다.',29,'N','가입',NULL,'가입 요청 알림',3,NULL),(181,'2022-05-16 13:24:28','2022-05-16 13:24:28','Arsenal 가입 요청이 거절되었습니다.',29,'N','가입',NULL,'가입 거절 알림',13,NULL),(182,'2022-05-16 13:24:32','2022-05-16 13:24:32','pasta님이 Arsenal 가입을 요청하였습니다.',29,'N','가입',NULL,'가입 요청 알림',3,NULL),(183,'2022-05-16 13:29:49','2022-05-16 13:29:49','salmon 가입 요청이 거절되었습니다.',51,'N','가입',NULL,'가입 거절 알림',27,NULL),(184,'2022-05-16 13:29:55','2022-05-16 13:29:55','salmon4님이 salmon 가입을 요청하였습니다.',51,'N','가입',NULL,'가입 요청 알림',13,NULL),(185,'2022-05-16 13:30:58','2022-05-16 13:30:58','salmon 가입 요청이 거절되었습니다.',51,'N','가입',NULL,'가입 거절 알림',27,NULL),(186,'2022-05-16 13:31:02','2022-05-16 13:31:02','salmon4님이 salmon 가입을 요청하였습니다.',51,'N','가입',NULL,'가입 요청 알림',13,NULL),(187,'2022-05-16 13:31:13','2022-05-16 13:31:13','salmon 가입 요청이 거절되었습니다.',51,'N','가입',NULL,'가입 거절 알림',29,NULL),(188,'2022-05-16 13:31:40','2022-05-16 13:31:40','salmon 가입 요청이 거절되었습니다.',51,'N','가입',NULL,'가입 거절 알림',27,NULL),(189,'2022-05-16 13:31:44','2022-05-16 13:31:44','salmon4님이 salmon 가입을 요청하였습니다.',51,'N','가입',NULL,'가입 요청 알림',13,NULL),(190,'2022-05-16 13:32:12','2022-05-16 13:32:12','salmon6님이 salmon 가입을 요청하였습니다.',51,'N','가입',NULL,'가입 요청 알림',13,NULL),(191,'2022-05-16 13:32:34','2022-05-16 13:32:34','salmon9님이 salmon 가입을 요청하였습니다.',51,'N','가입',NULL,'가입 요청 알림',13,NULL),(192,'2022-05-16 13:33:33','2022-05-16 13:33:33','salmon 가입 요청이 승인되었습니다.',51,'N','가입',NULL,'가입 승인 알림',27,NULL),(193,'2022-05-16 13:35:17','2022-05-16 13:35:17','salmon 가입 요청이 거절되었습니다.',51,'N','가입',NULL,'가입 거절 알림',32,NULL),(194,'2022-05-16 13:35:21','2022-05-16 13:35:21','salmon9님이 salmon 가입을 요청하였습니다.',51,'N','가입',NULL,'가입 요청 알림',13,NULL),(195,'2022-05-16 13:37:06','2022-05-16 13:37:06','salmon 가입 요청이 거절되었습니다.',51,'N','가입',NULL,'가입 거절 알림',32,NULL),(196,'2022-05-16 13:37:16','2022-05-16 13:37:16','salmon9님이 salmon 가입을 요청하였습니다.',51,'N','가입',NULL,'가입 요청 알림',13,NULL),(197,'2022-05-16 13:37:33','2022-05-16 13:37:33','salmon 가입 요청이 승인되었습니다.',51,'N','가입',NULL,'가입 승인 알림',32,NULL),(198,'2022-05-16 14:09:14','2022-05-16 14:09:14','salmon9님이 salmon 가입을 요청하였습니다.',51,'N','가입',NULL,'가입 요청 알림',13,NULL),(199,'2022-05-16 14:09:23','2022-05-16 14:09:23','salmon 가입 요청이 거절되었습니다.',51,'N','가입',NULL,'가입 거절 알림',32,NULL),(200,'2022-05-16 14:09:27','2022-05-16 14:09:27','salmon9님이 salmon 가입을 요청하였습니다.',51,'N','가입',NULL,'가입 요청 알림',13,NULL),(201,'2022-05-16 14:09:33','2022-05-16 14:09:33','salmon 가입 요청이 승인되었습니다.',51,'N','가입',NULL,'가입 승인 알림',32,NULL),(212,'2022-05-16 15:16:01','2022-05-16 15:16:01',' 가입 요청이 승인되었습니다.',NULL,'N','가입',NULL,'가입 승인 알림',2,NULL),(213,'2022-05-16 15:55:58','2022-05-16 15:55:58','pasta님이 테스트 가입을 요청하였습니다.',68,'N','가입',NULL,'가입 요청 알림',40,NULL),(215,'2022-05-16 23:56:47','2022-05-16 23:56:47','서지원님이 테스트 가입을 요청하였습니다.',68,'N','가입',NULL,'가입 요청 알림',40,NULL),(217,'2022-05-17 17:06:04','2022-05-17 17:06:04','영수증님이 7500원을 청구하였습니다.',1,'N','청구',NULL,'청구 알림',2,16),(218,'2022-05-17 17:06:04','2022-05-17 17:06:04','영수증님이 7500원을 청구하였습니다.',1,'N','청구',NULL,'청구 알림',16,16),(219,'2022-05-17 17:06:48','2022-05-17 17:06:48','영수증님이 7500원을 청구하였습니다.',1,'N','청구',NULL,'청구 알림',2,17),(220,'2022-05-17 17:06:48','2022-05-17 17:06:48','영수증님이 7500원을 청구하였습니다.',1,'N','청구',NULL,'청구 알림',16,17),(222,'2022-05-17 17:18:30','2022-05-17 17:18:30','냠냠 가입 요청이 승인되었습니다.',66,'N','가입',NULL,'가입 승인 알림',2,NULL),(224,'2022-05-17 17:19:28','2022-05-17 17:19:28','냠냠 가입 요청이 승인되었습니다.',66,'N','가입',NULL,'가입 승인 알림',2,NULL),(226,'2022-05-17 17:31:56','2022-05-17 17:34:43','냠냠 가입 요청이 거절되었습니다.',66,'Y','가입',NULL,'가입 거절 알림',2,NULL),(230,'2022-05-17 17:34:49','2022-05-17 17:34:49','냠냠 가입 요청이 승인되었습니다.',66,'N','가입',NULL,'가입 승인 알림',2,NULL),(232,'2022-05-17 17:36:42','2022-05-17 17:36:42','냠냠 가입 요청이 거절되었습니다.',66,'N','가입',NULL,'가입 거절 알림',2,NULL),(234,'2022-05-17 17:40:25','2022-05-17 17:40:25','냠냠 가입 요청이 승인되었습니다.',66,'N','가입',NULL,'가입 승인 알림',2,NULL),(236,'2022-05-17 17:41:23','2022-05-17 17:41:23','냠냠 가입 요청이 거절되었습니다.',66,'N','가입',NULL,'가입 거절 알림',2,NULL),(238,'2022-05-17 17:42:14','2022-05-17 17:42:14','냠냠 가입 요청이 거절되었습니다.',66,'N','가입',NULL,'가입 거절 알림',2,NULL),(240,'2022-05-17 17:44:42','2022-05-17 17:46:16','pasta님이 냠냠 가입을 요청하였습니다.',66,'Y','가입',NULL,'가입 요청 알림',8,NULL),(241,'2022-05-17 17:45:26','2022-05-17 17:45:26','salmon 가입 요청이 승인되었습니다.',51,'N','가입',NULL,'가입 승인 알림',30,NULL),(242,'2022-05-17 17:46:22','2022-05-17 17:46:22','냠냠 가입 요청이 거절되었습니다.',66,'N','가입',NULL,'가입 거절 알림',2,NULL),(244,'2022-05-17 17:47:04','2022-05-17 17:47:04','냠냠 가입 요청이 거절되었습니다.',66,'N','가입',NULL,'가입 거절 알림',2,NULL),(246,'2022-05-17 17:47:59','2022-05-17 17:47:59','냠냠 가입 요청이 거절되었습니다.',66,'N','가입',NULL,'가입 거절 알림',2,NULL),(248,'2022-05-17 17:48:38','2022-05-17 17:48:38','냠냠 가입 요청이 거절되었습니다.',66,'N','가입',NULL,'가입 거절 알림',2,NULL),(250,'2022-05-17 17:51:25','2022-05-17 17:51:25','냠냠 가입 요청이 거절되었습니다.',66,'N','가입',NULL,'가입 거절 알림',2,NULL),(252,'2022-05-17 17:52:31','2022-05-17 17:52:31','냠냠 가입 요청이 거절되었습니다.',66,'N','가입',NULL,'가입 거절 알림',2,NULL),(254,'2022-05-17 18:05:37','2022-05-17 18:05:37','냠냠 가입 요청이 거절되었습니다.',66,'N','가입',NULL,'가입 거절 알림',2,NULL),(258,'2022-05-18 09:53:13','2022-05-18 22:43:45','하하하님이 salmon 가입을 요청하였습니다.',51,'Y','가입',NULL,'가입 요청 알림',13,NULL),(260,'2022-05-18 10:17:04','2022-05-18 10:17:04','영수증님이 salmon 가입을 요청하였습니다.',51,'N','가입',NULL,'가입 요청 알림',13,NULL),(261,'2022-05-18 10:21:23','2022-05-18 10:21:23','냠냠 가입 요청이 거절되었습니다.',66,'N','가입',NULL,'가입 거절 알림',2,NULL),(263,'2022-05-18 10:32:03','2022-05-18 10:32:03','냠냠 가입 요청이 거절되었습니다.',66,'N','가입',NULL,'가입 거절 알림',2,NULL),(265,'2022-05-18 10:32:20','2022-05-18 10:32:20','냠냠 가입 요청이 거절되었습니다.',66,'N','가입',NULL,'가입 거절 알림',2,NULL),(267,'2022-05-18 10:32:38','2022-05-18 10:32:38','냠냠 가입 요청이 거절되었습니다.',66,'N','가입',NULL,'가입 거절 알림',2,NULL),(269,'2022-05-18 10:33:03','2022-05-18 10:33:03','냠냠 가입 요청이 거절되었습니다.',66,'N','가입',NULL,'가입 거절 알림',2,NULL),(271,'2022-05-18 10:48:32','2022-05-18 10:48:32','냠냠 가입 요청이 거절되었습니다.',66,'N','가입',NULL,'가입 거절 알림',2,NULL),(273,'2022-05-18 10:49:02','2022-05-18 10:49:02','냠냠 가입 요청이 거절되었습니다.',66,'N','가입',NULL,'가입 거절 알림',2,NULL),(275,'2022-05-18 11:10:04','2022-05-18 11:10:04','냠냠 가입 요청이 거절되었습니다.',66,'N','가입',NULL,'가입 거절 알림',2,NULL),(277,'2022-05-18 11:14:06','2022-05-18 11:14:06','냠냠 가입 요청이 거절되었습니다.',66,'N','가입',NULL,'가입 거절 알림',2,NULL),(279,'2022-05-18 11:17:03','2022-05-18 11:17:03','냠냠 가입 요청이 거절되었습니다.',66,'N','가입',NULL,'가입 거절 알림',2,NULL),(280,'2022-05-18 11:17:16','2022-05-18 11:17:52','영부해님이 냠냠 가입을 요청하였습니다.',66,'Y','가입',NULL,'가입 요청 알림',8,NULL),(281,'2022-05-18 11:17:54','2022-05-18 11:17:54','냠냠 가입 요청이 거절되었습니다.',66,'N','가입',NULL,'가입 거절 알림',2,NULL),(283,'2022-05-18 11:19:59','2022-05-18 11:19:59','냠냠 가입 요청이 거절되었습니다.',66,'N','가입',NULL,'가입 거절 알림',2,NULL),(285,'2022-05-18 11:28:32','2022-05-18 11:28:32','냠냠 가입 요청이 거절되었습니다.',66,'N','가입',NULL,'가입 거절 알림',2,NULL),(287,'2022-05-18 11:29:49','2022-05-18 11:29:49','냠냠 가입 요청이 거절되었습니다.',66,'N','가입',NULL,'가입 거절 알림',2,NULL),(289,'2022-05-18 11:32:47','2022-05-18 11:32:47','냠냠 가입 요청이 거절되었습니다.',66,'N','가입',NULL,'가입 거절 알림',2,NULL),(291,'2022-05-18 13:08:28','2022-05-18 13:08:28','강시몬님이 마이구미 축구 동호회 가입을 요청하였습니다.',1,'N','가입',NULL,'가입 요청 알림',2,NULL),(292,'2022-05-18 13:17:30','2022-05-18 13:17:30','pasta님이 역삼동 맛집투어 가입을 요청하였습니다.',74,'N','가입',NULL,'가입 요청 알림',43,NULL),(293,'2022-05-18 13:24:20','2022-05-19 12:16:51','강시몬님이 salmon 가입을 요청하였습니다.',51,'Y','가입',NULL,'가입 요청 알림',13,NULL),(295,'2022-05-18 13:27:40','2022-05-19 12:16:48','강시몬님이 Salmon Sashimi 가입을 요청하였습니다.',43,'Y','가입',NULL,'가입 요청 알림',13,NULL),(297,'2022-05-18 13:32:00','2022-05-18 13:32:00','소리샘 가입 요청이 거절되었습니다.',57,'N','가입',NULL,'가입 거절 알림',47,NULL),(299,'2022-05-18 13:32:55','2022-05-18 13:32:55','소리샘 가입 요청이 승인되었습니다.',57,'N','가입',NULL,'가입 승인 알림',47,NULL),(300,'2022-05-18 14:24:44','2022-05-18 14:24:59','test님이 C.O.S.T 가입을 요청하였습니다.',56,'Y','가입',NULL,'가입 요청 알림',17,NULL),(301,'2022-05-18 14:25:03','2022-05-18 14:25:03','C.O.S.T 가입 요청이 거절되었습니다.',56,'N','가입',NULL,'가입 거절 알림',47,NULL),(304,'2022-05-18 16:13:27','2022-05-20 00:58:33','냠냠 가입 요청이 승인되었습니다.',66,'Y','가입',NULL,'가입 승인 알림',2,NULL),(308,'2022-05-19 01:33:35','2022-05-19 01:33:35','하하하님이 14100원을 청구하였습니다.',51,'N','청구',NULL,'청구 알림',3,22),(309,'2022-05-19 01:33:35','2022-05-19 01:33:35','하하하님이 14100원을 청구하였습니다.',51,'N','청구',NULL,'청구 알림',23,22),(310,'2022-05-19 01:33:35','2022-05-19 01:35:38','하하하님이 14100원을 청구하였습니다.',51,'Y','청구',NULL,'청구 알림',17,22),(311,'2022-05-19 01:33:35','2022-05-19 01:33:35','하하하님이 14100원을 청구하였습니다.',51,'N','청구',NULL,'청구 알림',14,22),(313,'2022-05-19 10:31:32','2022-05-19 10:31:32','냠냠 가입 요청이 승인되었습니다.',66,'N','가입',NULL,'가입 승인 알림',17,NULL),(314,'2022-05-19 13:52:30','2022-05-19 13:52:30','하하하님이 10540원을 청구하였습니다.',51,'N','청구',NULL,'청구 알림',13,23),(315,'2022-05-19 13:52:30','2022-05-19 13:52:30','하하하님이 10540원을 청구하였습니다.',51,'N','청구',NULL,'청구 알림',3,23),(316,'2022-05-19 13:52:30','2022-05-19 13:52:30','하하하님이 10540원을 청구하였습니다.',51,'N','청구',NULL,'청구 알림',23,23),(317,'2022-05-19 13:52:30','2022-05-19 13:52:30','하하하님이 10540원을 청구하였습니다.',51,'N','청구',NULL,'청구 알림',17,23),(318,'2022-05-19 13:52:30','2022-05-19 13:52:30','하하하님이 10540원을 청구하였습니다.',51,'N','청구',NULL,'청구 알림',14,23),(319,'2022-05-19 13:52:33','2022-05-19 13:52:33','하하하님이 10540원을 청구하였습니다.',51,'N','청구',NULL,'청구 알림',13,24),(320,'2022-05-19 13:52:33','2022-05-19 13:52:33','하하하님이 10540원을 청구하였습니다.',51,'N','청구',NULL,'청구 알림',3,24),(321,'2022-05-19 13:52:33','2022-05-19 13:52:33','하하하님이 10540원을 청구하였습니다.',51,'N','청구',NULL,'청구 알림',23,24),(322,'2022-05-19 13:52:33','2022-05-19 13:52:33','하하하님이 10540원을 청구하였습니다.',51,'N','청구',NULL,'청구 알림',17,24),(323,'2022-05-19 13:52:33','2022-05-19 13:52:33','하하하님이 10540원을 청구하였습니다.',51,'N','청구',NULL,'청구 알림',14,24),(325,'2022-05-19 16:10:08','2022-05-19 16:10:08','강싸피님이 12000원을 청구하였습니다.',76,'N','청구',NULL,'청구 알림',14,26),(334,'2022-05-19 17:58:42','2022-05-19 17:58:42','하하하님이 14100원을 청구하였습니다.',66,'N','청구',NULL,'청구 알림',17,29),(336,'2022-05-19 18:04:05','2022-05-19 18:04:30','영수증님이 공조 가입을 요청하였습니다.',67,'Y','가입',NULL,'가입 요청 알림',38,NULL),(337,'2022-05-19 18:04:33','2022-05-19 22:36:41','공조 가입 요청이 승인되었습니다.',67,'Y','가입',NULL,'가입 승인 알림',8,NULL),(338,'2022-05-19 18:09:26','2022-05-19 23:55:04','영수증님이 14100원을 청구하였습니다.',67,'Y','청구',NULL,'청구 알림',38,30),(340,'2022-05-19 20:19:33','2022-05-19 20:19:33','영수증님이 7900원을 청구하였습니다.',66,'N','청구',NULL,'청구 알림',17,31),(342,'2022-05-19 20:35:47','2022-05-19 20:35:47','영수증님이 22원을 청구하였습니다.',66,'N','청구',NULL,'청구 알림',17,32),(344,'2022-05-19 20:46:19','2022-05-19 20:46:19','영수증님이 14100원을 청구하였습니다.',66,'N','청구',NULL,'청구 알림',17,33),(347,'2022-05-19 23:31:20','2022-05-19 23:31:20','하하하님이 14100원을 청구하였습니다.',85,'N','청구',NULL,'청구 알림',17,34),(348,'2022-05-19 23:34:15','2022-05-19 23:34:15','14100원이 승인되었습니다.',85,'N','청구',NULL,'청구 승인 알림',17,34),(349,'2022-05-19 23:55:16','2022-05-19 23:55:16','이상해씨 가입 요청이 승인되었습니다.',84,'N','가입',NULL,'가입 승인 알림',17,NULL),(354,'2022-05-20 00:01:29','2022-05-20 00:01:29','영수증님이 14100원을 청구하였습니다.',66,'N','청구',NULL,'청구 알림',17,35),(356,'2022-05-20 00:13:42','2022-05-20 00:13:42','영수증님이 14100원을 청구하였습니다.',66,'N','청구',NULL,'청구 알림',17,36),(358,'2022-05-20 00:24:03','2022-05-20 00:24:03','냠냠 가입 요청이 승인되었습니다.',66,'N','가입',NULL,'가입 승인 알림',13,NULL),(359,'2022-05-20 00:45:31','2022-05-20 00:45:31','영수증님이 영수증을 부탁해 가입을 요청하였습니다.',85,'N','가입',NULL,'가입 요청 알림',17,NULL),(361,'2022-05-20 00:58:24','2022-05-20 00:58:24','영수증님이 14100원을 청구하였습니다.',66,'N','청구',NULL,'청구 알림',13,37),(362,'2022-05-20 00:58:24','2022-05-20 00:58:24','영수증님이 14100원을 청구하였습니다.',66,'N','청구',NULL,'청구 알림',17,37),(365,'2022-05-20 01:22:20','2022-05-20 01:22:20','영수증님이 14100원을 청구하였습니다.',66,'N','청구',NULL,'청구 알림',13,38),(366,'2022-05-20 01:22:20','2022-05-20 01:22:20','영수증님이 14100원을 청구하였습니다.',66,'N','청구',NULL,'청구 알림',17,38),(369,'2022-05-20 01:31:52','2022-05-20 01:31:52','냠냠 가입 요청이 거절되었습니다.',66,'N','가입',NULL,'가입 거절 알림',5,NULL),(370,'2022-05-20 01:52:36','2022-05-20 01:52:36','영수증님이 14100원을 청구하였습니다.',84,'N','청구',NULL,'청구 알림',8,39),(371,'2022-05-20 03:05:54','2022-05-20 03:05:54','영수증님이 14100원을 청구하였습니다.',84,'N','청구',NULL,'청구 알림',8,40),(372,'2022-05-20 03:06:33','2022-05-20 03:06:33','14100원이 승인되었습니다.',84,'N','청구',NULL,'청구 승인 알림',8,40),(373,'2022-05-20 03:09:49','2022-05-20 03:09:49','영수증님이 14100원을 청구하였습니다.',84,'N','청구',NULL,'청구 알림',8,41),(374,'2022-05-20 03:10:06','2022-05-20 03:10:06','14100원이 승인되었습니다.',84,'N','청구',NULL,'청구 승인 알림',8,41),(375,'2022-05-20 06:24:08','2022-05-20 06:24:08','영수증님이 14100원을 청구하였습니다.',84,'N','청구',NULL,'청구 알림',8,42),(376,'2022-05-20 06:24:38','2022-05-20 06:24:38','14100원이 승인되었습니다.',84,'N','청구',NULL,'청구 승인 알림',8,42),(377,'2022-05-20 06:28:29','2022-05-20 06:28:29','영수증님이 14100원을 청구하였습니다.',84,'N','청구',NULL,'청구 알림',8,43),(378,'2022-05-20 06:28:50','2022-05-20 06:28:50','14100원이 승인되었습니다.',84,'N','청구',NULL,'청구 승인 알림',8,43),(379,'2022-05-20 06:46:46','2022-05-20 06:46:46','14100원 승인이 취소되었습니다.',66,'N','청구',NULL,'청구 승인 취소 알림',8,33),(380,'2022-05-20 06:46:59','2022-05-20 06:46:59','14100원 승인이 취소되었습니다.',66,'N','청구',NULL,'청구 승인 취소 알림',8,38),(381,'2022-05-20 06:47:11','2022-05-20 06:47:11','14100원 승인이 취소되었습니다.',66,'N','청구',NULL,'청구 승인 취소 알림',8,37),(382,'2022-05-20 06:50:25','2022-05-20 06:50:25','14100원 청구가 거절되었습니다.',66,'N','청구',NULL,'청구 거절 알림',17,29),(383,'2022-05-20 09:34:28','2022-05-20 09:35:04','영수증님이 14100원을 청구하였습니다.',66,'Y','청구',NULL,'청구 알림',8,44),(384,'2022-05-20 09:34:28','2022-05-20 09:34:28','영수증님이 14100원을 청구하였습니다.',66,'N','청구',NULL,'청구 알림',13,44),(385,'2022-05-20 09:34:28','2022-05-20 09:34:28','영수증님이 14100원을 청구하였습니다.',66,'N','청구',NULL,'청구 알림',17,44),(386,'2022-05-20 10:11:19','2022-05-20 10:11:42','영수증님이 14100원을 청구하였습니다.',66,'Y','청구',NULL,'청구 알림',8,45),(387,'2022-05-20 10:11:19','2022-05-20 10:11:19','영수증님이 14100원을 청구하였습니다.',66,'N','청구',NULL,'청구 알림',13,45),(388,'2022-05-20 10:11:19','2022-05-20 10:11:19','영수증님이 14100원을 청구하였습니다.',66,'N','청구',NULL,'청구 알림',17,45),(389,'2022-05-20 10:13:10','2022-05-20 10:13:10','14100원이 승인되었습니다.',66,'N','청구',NULL,'청구 승인 알림',8,45),(390,'2022-05-20 10:15:27','2022-05-20 10:15:56','방시혁님이 냠냠 가입을 요청하였습니다.',66,'Y','가입',NULL,'가입 요청 알림',8,NULL),(391,'2022-05-20 10:16:07','2022-05-20 10:16:07','냠냠 가입 요청이 거절되었습니다.',66,'N','가입',NULL,'가입 거절 알림',5,NULL),(392,'2022-05-20 10:24:20','2022-05-20 10:24:20','영수증을 부탁해 가입 요청이 승인되었습니다.',85,'N','가입',NULL,'가입 승인 알림',8,NULL),(393,'2022-05-20 10:26:50','2022-05-20 10:26:50','하하하님이 1410원을 청구하였습니다.',85,'N','청구',NULL,'청구 알림',17,46),(394,'2022-05-20 10:26:50','2022-05-20 10:26:50','하하하님이 1410원을 청구하였습니다.',85,'N','청구',NULL,'청구 알림',8,46),(395,'2022-05-20 10:27:12','2022-05-20 10:27:12','1410원 청구가 거절되었습니다.',85,'N','청구',NULL,'청구 거절 알림',17,46),(396,'2022-05-20 10:27:19','2022-05-20 10:27:19','14100원 승인이 취소되었습니다.',66,'N','청구',NULL,'청구 승인 취소 알림',8,45),(397,'2022-05-20 10:32:40','2022-05-20 10:35:30','영부해님이 냠냠 가입을 요청하였습니다.',66,'Y','가입',NULL,'가입 요청 알림',8,NULL),(398,'2022-05-20 10:35:33','2022-05-20 10:35:33','냠냠 가입 요청이 승인되었습니다.',66,'N','가입',NULL,'가입 승인 알림',2,NULL),(399,'2022-05-20 10:36:46','2022-05-20 10:36:46','정수지님이 영수증을 부탁해 가입을 요청하였습니다.',85,'N','가입',NULL,'가입 요청 알림',17,NULL),(401,'2022-05-20 10:46:10','2022-05-20 10:46:10','영수증님이 14100원을 청구하였습니다.',66,'N','청구',NULL,'청구 알림',13,47),(402,'2022-05-20 10:46:10','2022-05-20 10:46:10','영수증님이 14100원을 청구하였습니다.',66,'N','청구',NULL,'청구 알림',17,47),(404,'2022-05-20 10:47:01','2022-05-20 10:47:01','영수증님이 14100원을 청구하였습니다.',66,'N','청구',NULL,'청구 알림',13,48),(405,'2022-05-20 10:47:01','2022-05-20 10:47:01','영수증님이 14100원을 청구하였습니다.',66,'N','청구',NULL,'청구 알림',17,48),(406,'2022-05-20 10:47:39','2022-05-20 10:47:39','하하하님이 14100원을 청구하였습니다.',85,'N','청구',NULL,'청구 알림',17,49),(408,'2022-05-20 10:50:02','2022-05-20 10:50:02','14100원이 승인되었습니다.',85,'N','청구',NULL,'청구 승인 알림',17,49),(410,'2022-05-20 10:53:19','2022-05-20 10:53:19','영수증님이 14100원을 청구하였습니다.',66,'N','청구',NULL,'청구 알림',13,50),(411,'2022-05-20 10:53:19','2022-05-20 10:53:19','영수증님이 14100원을 청구하였습니다.',66,'N','청구',NULL,'청구 알림',17,50),(413,'2022-05-20 10:55:45','2022-05-20 10:57:04','영수증님이 14100원을 청구하였습니다.',66,'Y','청구',NULL,'청구 알림',8,51),(414,'2022-05-20 10:55:45','2022-05-20 10:55:45','영수증님이 14100원을 청구하였습니다.',66,'N','청구',NULL,'청구 알림',13,51),(415,'2022-05-20 10:55:45','2022-05-20 10:55:45','영수증님이 14100원을 청구하였습니다.',66,'N','청구',NULL,'청구 알림',17,51),(418,'2022-05-20 11:07:34','2022-05-20 11:07:59','영수증님이 14100원을 청구하였습니다.',66,'Y','청구',NULL,'청구 알림',8,52),(419,'2022-05-20 11:07:34','2022-05-20 11:07:34','영수증님이 14100원을 청구하였습니다.',66,'N','청구',NULL,'청구 알림',13,52),(420,'2022-05-20 11:07:34','2022-05-20 11:07:34','영수증님이 14100원을 청구하였습니다.',66,'N','청구',NULL,'청구 알림',17,52),(421,'2022-05-20 11:09:26','2022-05-20 11:09:26','14100원이 승인되었습니다.',66,'N','청구',NULL,'청구 승인 알림',8,52),(422,'2022-05-20 11:16:49','2022-05-20 11:16:49','14100원 승인이 취소되었습니다.',66,'N','청구',NULL,'청구 승인 취소 알림',8,52);
/*!40000 ALTER TABLE `notification` ENABLE KEYS */;
UNLOCK TABLES;

--
-- Table structure for table `request`
--

DROP TABLE IF EXISTS `request`;
/*!40101 SET @saved_cs_client     = @@character_set_client */;
/*!50503 SET character_set_client = utf8mb4 */;
CREATE TABLE `request` (
  `request_id` bigint NOT NULL AUTO_INCREMENT,
  `create_date` datetime NOT NULL,
  `update_date` datetime NOT NULL,
  `crew_id` bigint NOT NULL,
  `crew_name` varchar(64) NOT NULL,
  `pay_date` date NOT NULL,
  `price` int NOT NULL,
  `receipt_url` varchar(255) DEFAULT NULL,
  `state` varchar(10) NOT NULL DEFAULT '신청',
  `club_id` bigint DEFAULT NULL,
  PRIMARY KEY (`request_id`),
  KEY `FKqhf08rqv33bbirygo2injfyhs` (`club_id`),
  CONSTRAINT `FKqhf08rqv33bbirygo2injfyhs` FOREIGN KEY (`club_id`) REFERENCES `club` (`club_id`) ON DELETE CASCADE
) ENGINE=InnoDB AUTO_INCREMENT=53 DEFAULT CHARSET=utf8mb4 COLLATE=utf8mb4_0900_ai_ci;
/*!40101 SET character_set_client = @saved_cs_client */;

--
-- Dumping data for table `request`
--

LOCK TABLES `request` WRITE;
/*!40000 ALTER TABLE `request` DISABLE KEYS */;
INSERT INTO `request` VALUES (2,'2022-05-09 11:16:12','2022-05-13 10:06:10',8,'영수증','2022-05-01',15000,'http://k6d104.p.ssafy.io:5555/images/20220507&H1145b84d1a341adcc87041b11b3e382348d3.jpg','거절',1),(3,'2022-05-09 11:48:47','2022-05-09 11:48:47',8,'영수증','2022-05-01',15000,'http://k6d104.p.ssafy.io:5555/images/20220507&H1145b84d1a341adcc87041b11b3e382348d3.jpg','신청',1),(4,'2022-05-09 11:48:58','2022-05-09 11:48:58',8,'영수증','2022-05-01',153000,'http://k6d104.p.ssafy.io:5555/images/20220507&H1145b84d1a341adcc87041b11b3e382348d3.jpg','신청',1),(6,'2022-05-09 14:38:06','2022-05-09 14:38:45',8,'영수증','2022-05-01',153000,'http://k6d104.p.ssafy.io:5555/images/20220507&H1145b84d1a341adcc87041b11b3e382348d3.jpg','신청',1),(7,'2022-05-09 14:45:14','2022-05-11 14:47:24',2,'영수증','2022-05-01',15000,'http://k6d104.p.ssafy.io:5555/images/20220507&H1145b84d1a341adcc87041b11b3e382348d3.jpg','신청',1),(9,'2022-05-11 11:21:58','2022-05-11 11:21:58',16,'123456!a','2022-05-01',1340,'http://k6d104.p.ssafy.io:5555/images/20220507&H1145b84d1a341adcc87041b11b3e382348d3.jpg','신청',1),(10,'2022-05-12 13:53:37','2022-05-12 13:54:42',2,'영수증','2022-01-30',7500,'https://k6d104.p.ssafy.io/fast/images/20220512&H4345e1ef433e8c0f0f6f859f0227ef69a66b.jpg','신청',1),(11,'2022-05-12 14:10:19','2022-05-13 15:39:44',2,'영수증','2021-05-05',40800,'https://k6d104.p.ssafy.io/fast/images/20220512&H084864a04ca6fbed31f41c8494cbbbc6b4db.jpg','거절',1),(12,'2022-05-12 14:48:33','2022-05-12 14:48:33',2,'영수증','2018-01-30',7500,'https://k6d104.p.ssafy.io/fast/images/20220512&H482303350e389070196c3728dff0fd7cd39c.jpg','신청',1),(13,'2022-05-13 00:28:03','2022-05-13 14:10:11',2,'영수증','2022-05-01',15000,'http://k6d104.p.ssafy.io:5555/images/20220507&H1145b84d1a341adcc87041b11b3e382348d3.jpg','승인',1),(14,'2022-05-13 09:37:15','2022-05-13 09:37:15',16,'123456!a','2018-01-30',7500,'https://k6d104.p.ssafy.io/fast/images/20220513&H36239752e7074e633e282bfeb6523655a71f.jpg','신청',1),(15,'2022-05-14 21:56:21','2022-05-14 21:57:09',8,'영수증','2022-05-01',15000,'http://k6d104.p.ssafy.io:5555/images/20220507&H1145b84d1a341adcc87041b11b3e382348d3.jpg','승인',66),(16,'2022-05-17 17:06:04','2022-05-17 17:06:04',8,'영수증','2018-01-30',7500,'https://k6d104.p.ssafy.io/fast/images/20220517&H0549635683c277cecbbceadeb8295ff77fc2.jpg','신청',1),(17,'2022-05-17 17:06:48','2022-05-17 17:06:48',8,'영수증','2018-01-30',7500,'https://k6d104.p.ssafy.io/fast/images/20220517&H06269074a20a518c66b874c51c0e10ce52d8.jpg','신청',1),(19,'2022-05-18 15:26:32','2022-05-18 15:26:32',8,'영수증','2022-04-25',1000,'https://k6d104.p.ssafy.io/fast/images/20220518&H2552cc9e21c6f954ce1da846ec4d0cae78c6.jpg','신청',66),(20,'2022-05-18 16:36:35','2022-05-18 16:36:35',8,'영수증','2022-05-10',7900,'https://k6d104.p.ssafy.io/fast/images/20220518&H360290afa8956c8b848c97acfc918ba61b0b.jpg','신청',66),(21,'2022-05-18 22:36:12','2022-05-18 22:36:12',8,'영수증','2022-05-18',55555,'https://k6d104.p.ssafy.io/fast/images/20220518&H3532820ce73aae9a1b602a5a5f6afe72b41d.jpg','신청',66),(22,'2022-05-19 01:33:35','2022-05-19 01:33:35',17,'하하하','2022-04-11',14100,'https://k6d104.p.ssafy.io/fast/images/20220519&H3233306a8c9c8903fbb474eab18481621b9b.jpg','신청',51),(23,'2022-05-19 13:52:29','2022-05-19 13:52:29',17,'하하하','2020-09-26',10540,'https://k6d104.p.ssafy.io/fast/images/20220519&H5021b6d5b39b6cc9306cc3c68ebd5998abef.jpg','신청',51),(24,'2022-05-19 13:52:33','2022-05-19 13:52:33',17,'하하하','2020-09-26',10540,'https://k6d104.p.ssafy.io/fast/images/20220519&H5021b6d5b39b6cc9306cc3c68ebd5998abef.jpg','신청',51),(25,'2022-05-19 14:43:42','2022-05-19 14:43:42',17,'하하하','2020-09-26',10540,'https://k6d104.p.ssafy.io/fast/images/20220519&H43193e85d6393b2a1763dbfa6f935bc16b75.jpg','신청',66),(26,'2022-05-19 16:10:08','2022-05-19 16:10:08',14,'강싸피','2022-05-18',12000,'https://k6d104.p.ssafy.io/fast/images/20220519&H091300037f93d781c85afe5c37909169cae4.jpg','신청',76),(29,'2022-05-19 17:58:42','2022-05-20 06:50:25',17,'하하하','2022-04-11',14100,'https://k6d104.p.ssafy.io/fast/images/20220519&H58241755c92208d48982a823b8a4db2711eb.jpg','거절',66),(30,'2022-05-19 18:09:26','2022-05-19 23:58:34',8,'영수증','2022-04-11',14100,'https://k6d104.p.ssafy.io/fast/images/20220519&H0857f2851eca5075bda517a72840278d90c7.jpg','승인',67),(31,'2022-05-19 20:19:33','2022-05-19 20:19:33',8,'영수증','2022-04-25',7900,'https://k6d104.p.ssafy.io/fast/images/20220519&H191876278ba3f9d2593228109ce577864545.jpg','신청',66),(32,'2022-05-19 20:35:47','2022-05-20 00:22:59',8,'영수증','2011-01-01',22,'https://k6d104.p.ssafy.io/fast/images/20220519&H35395545a0fea9a46b68559cdcbc062bcf54.jpg','거절',66),(34,'2022-05-19 23:31:20','2022-05-19 23:34:15',17,'하하하','2022-04-11',14100,'https://k6d104.p.ssafy.io/fast/images/20220519&H3103e8ceb5e9a458c5f7e53bf242de09ea96.jpg','승인',85),(39,'2022-05-20 01:52:36','2022-05-20 01:52:36',8,'영수증','2022-04-11',14100,'https://k6d104.p.ssafy.io/fast/images/20220520&H5228cf1ff87f47c62d08d0f0e5a079ddbdbd.jpg','신청',84),(40,'2022-05-20 03:05:53','2022-05-20 03:06:33',8,'영수증','2022-04-11',14100,'https://k6d104.p.ssafy.io/fast/images/20220520&H0522d4e38c79e85076a5fee01e1cf51cd3ce.jpg','승인',84),(41,'2022-05-20 03:09:49','2022-05-20 03:10:06',8,'영수증','2022-04-11',14100,'https://k6d104.p.ssafy.io/fast/images/20220520&H0940f69efb0b4edaa264b83d37931dbdb6e3.jpg','승인',84),(42,'2022-05-20 06:24:08','2022-05-20 06:24:38',8,'영수증','2022-04-11',14100,'https://k6d104.p.ssafy.io/fast/images/20220520&H24008acf56e420dac6760b33a11b08740f5e.jpg','승인',84),(43,'2022-05-20 06:28:29','2022-05-20 06:28:50',8,'영수증','2022-04-11',14100,'https://k6d104.p.ssafy.io/fast/images/20220520&H28210213019fb5f3ddcd618558f4a7f8d87a.jpg','승인',84),(46,'2022-05-20 10:26:50','2022-05-20 10:27:12',17,'하하하','2022-04-11',1410,'https://k6d104.p.ssafy.io/fast/images/20220520&H2634d39cabc10a79c3a5dc560fb93d704766.jpg','거절',85),(49,'2022-05-20 10:47:39','2022-05-20 10:50:02',17,'하하하','2022-04-11',14100,'https://k6d104.p.ssafy.io/fast/images/20220520&H27273669a3eda5ebf1bd93465934278e99de.jpg','승인',85);
/*!40000 ALTER TABLE `request` ENABLE KEYS */;
UNLOCK TABLES;

--
-- Table structure for table `tag`
--

DROP TABLE IF EXISTS `tag`;
/*!40101 SET @saved_cs_client     = @@character_set_client */;
/*!50503 SET character_set_client = utf8mb4 */;
CREATE TABLE `tag` (
  `tag_id` bigint NOT NULL AUTO_INCREMENT,
  `parent_tag` varchar(255) DEFAULT NULL,
  `tag_level` int DEFAULT NULL,
  `tag_name` varchar(255) NOT NULL,
  `club_id` bigint DEFAULT NULL,
  PRIMARY KEY (`tag_id`),
  KEY `FK9vdc3j2td3kw9k0216pjimvqf` (`club_id`),
  CONSTRAINT `FK9vdc3j2td3kw9k0216pjimvqf` FOREIGN KEY (`club_id`) REFERENCES `club` (`club_id`) ON DELETE CASCADE
) ENGINE=InnoDB AUTO_INCREMENT=56 DEFAULT CHARSET=utf8mb4 COLLATE=utf8mb4_0900_ai_ci;
/*!40101 SET character_set_client = @saved_cs_client */;

--
-- Dumping data for table `tag`
--

LOCK TABLES `tag` WRITE;
/*!40000 ALTER TABLE `tag` DISABLE KEYS */;
INSERT INTO `tag` VALUES (2,NULL,1,'회식',1),(4,'회식',2,'연어',1),(5,NULL,1,'나들이',1),(6,'나들이',2,'한강',1),(7,'축구회',2,'VS 서울',1),(8,NULL,1,'축구회',1),(12,NULL,1,'연어',51),(13,'연어',2,'횟감용',51),(14,'연어',2,'구이용',51),(15,NULL,1,'회비',51),(16,NULL,1,'철학',67),(18,NULL,1,'BTC',67),(19,'철학',2,'프리드리히 니체',67),(22,NULL,1,'정치',67),(23,'경제',2,'케인즈',67),(24,NULL,1,'주전부리',66),(25,'주전부리',2,'초코바',66),(26,'경제',2,'크루그먼',67),(27,NULL,1,'new',51),(31,NULL,1,'여름회식',76),(32,NULL,1,'1차 삼겹살',76),(33,'여름회식',2,'1차 여름회식2',76),(34,'여름회식',2,'2차 여름회식',76),(35,NULL,1,'2차 광어회',76),(36,NULL,1,'광어',51),(37,NULL,1,'기타',51),(42,NULL,1,'다이소',85),(43,NULL,1,'다이소',67),(44,NULL,1,'간식',66),(45,NULL,1,'삼겹살',66),(46,NULL,1,'MT',66),(47,NULL,1,'푸파 대회',66),(48,NULL,1,'소풍',66),(49,NULL,1,'선물',66),(50,NULL,1,'사무용품',66),(51,NULL,1,'회식',66),(52,NULL,1,'교통비',66),(53,NULL,1,'간식',84),(54,NULL,1,'아아아',66),(55,NULL,1,'다이소',66);
/*!40000 ALTER TABLE `tag` ENABLE KEYS */;
UNLOCK TABLES;

--
-- Table structure for table `transaction`
--

DROP TABLE IF EXISTS `transaction`;
/*!40101 SET @saved_cs_client     = @@character_set_client */;
/*!50503 SET character_set_client = utf8mb4 */;
CREATE TABLE `transaction` (
  `transaction_id` bigint NOT NULL AUTO_INCREMENT,
  `create_date` datetime NOT NULL,
  `update_date` datetime NOT NULL,
  `approve_crew_id` bigint NOT NULL,
  `pay_date` date NOT NULL,
  `price` int NOT NULL,
  `request_crew_id` bigint NOT NULL,
  `club_id` bigint DEFAULT NULL,
  `request_id` bigint DEFAULT NULL,
  PRIMARY KEY (`transaction_id`),
  KEY `FKl8kn5t8bvenhkf78n3y0gsbcu` (`club_id`),
  KEY `FKbf2o2jo1mdnd99ghmk8lu6on8` (`request_id`),
  CONSTRAINT `FKbf2o2jo1mdnd99ghmk8lu6on8` FOREIGN KEY (`request_id`) REFERENCES `request` (`request_id`) ON DELETE CASCADE,
  CONSTRAINT `FKl8kn5t8bvenhkf78n3y0gsbcu` FOREIGN KEY (`club_id`) REFERENCES `club` (`club_id`) ON DELETE CASCADE
) ENGINE=InnoDB AUTO_INCREMENT=121 DEFAULT CHARSET=utf8mb4 COLLATE=utf8mb4_0900_ai_ci;
/*!40101 SET character_set_client = @saved_cs_client */;

--
-- Dumping data for table `transaction`
--

LOCK TABLES `transaction` WRITE;
/*!40000 ALTER TABLE `transaction` DISABLE KEYS */;
INSERT INTO `transaction` VALUES (4,'2022-05-16 05:24:39','2022-05-16 05:24:39',8,'2022-05-04',100000,8,66,NULL),(7,'2022-05-16 10:42:37','2022-05-16 10:42:37',8,'2022-05-01',15000,8,66,NULL),(9,'2022-05-16 23:59:48','2022-05-16 23:59:48',13,'2022-05-10',100000,13,51,NULL),(10,'2022-05-17 00:01:42','2022-05-17 00:01:42',13,'2022-05-16',75000,13,51,NULL),(11,'2022-05-17 01:25:42','2022-05-17 01:25:42',13,'2022-04-10',100000,13,51,NULL),(20,'2022-05-17 10:04:03','2022-05-20 02:56:02',38,'2022-05-09',30000,38,67,NULL),(21,'2022-05-17 10:06:54','2022-05-17 10:06:54',38,'2022-05-17',10000,38,67,NULL),(22,'2022-05-17 10:21:28','2022-05-17 10:21:28',38,'2022-05-17',1000000,38,67,NULL),(25,'2022-05-17 10:34:20','2022-05-17 10:34:20',38,'2022-05-17',25000,38,67,NULL),(27,'2022-05-17 14:09:35','2022-05-17 14:09:35',13,'2022-03-10',100000,13,51,NULL),(28,'2022-05-17 23:16:39','2022-05-17 23:16:39',8,'2022-05-17',1000,8,66,NULL),(29,'2022-05-18 11:14:20','2022-05-18 11:14:20',38,'2022-05-18',50000,38,67,NULL),(30,'2022-05-18 13:14:31','2022-05-18 13:14:31',13,'2022-05-18',1,13,51,NULL),(31,'2022-05-18 13:46:37','2022-05-18 13:46:37',14,'2022-05-18',20000,14,76,NULL),(32,'2022-05-18 15:53:39','2022-05-18 15:53:39',8,'2022-05-02',15000,8,66,NULL),(34,'2022-05-18 16:20:33','2022-05-18 16:20:33',8,'2022-05-05',13000,8,66,NULL),(46,'2022-05-19 13:54:34','2022-05-19 13:54:34',38,'2022-05-19',5500,38,67,NULL),(52,'2022-05-19 14:30:50','2022-05-19 14:30:50',38,'2022-05-19',20000,38,67,NULL),(60,'2022-05-19 20:39:34','2022-05-19 20:39:34',38,'2022-05-19',0,38,67,NULL),(66,'2022-05-19 23:14:04','2022-05-19 23:14:04',38,'2022-05-19',100000,38,67,NULL),(68,'2022-05-19 23:34:15','2022-05-19 23:34:15',17,'2022-04-11',14100,17,85,34),(70,'2022-05-19 23:58:34','2022-05-19 23:58:34',38,'2022-04-11',14100,8,67,30),(72,'2022-05-20 01:00:34','2022-05-20 01:00:34',8,'2022-04-02',100000,8,66,NULL),(74,'2022-05-20 01:39:01','2022-05-20 01:39:01',13,'2021-04-06',25000,13,66,NULL),(75,'2022-05-20 01:40:01','2022-05-20 01:40:01',13,'2021-05-24',360000,13,66,NULL),(76,'2022-05-20 01:41:00','2022-05-20 01:41:00',13,'2021-06-10',150000,13,66,NULL),(77,'2022-05-20 01:44:10','2022-05-20 01:44:10',13,'2021-05-11',198950,13,66,NULL),(79,'2022-05-20 01:47:10','2022-05-20 01:47:10',13,'2021-07-06',1370000,13,66,NULL),(81,'2022-05-20 01:48:08','2022-05-20 01:48:08',13,'2021-08-10',300000,13,66,NULL),(83,'2022-05-20 01:48:46','2022-05-20 01:48:46',13,'2021-09-23',250000,13,66,NULL),(84,'2022-05-20 01:50:35','2022-05-20 01:50:35',13,'2021-10-19',130000,13,66,NULL),(85,'2022-05-20 01:53:15','2022-05-20 01:53:15',13,'2021-11-29',650000,13,66,NULL),(86,'2022-05-20 01:53:48','2022-05-20 01:53:48',13,'2021-12-22',2300000,13,66,NULL),(87,'2022-05-20 01:54:36','2022-05-20 01:54:36',13,'2022-01-04',1250000,13,66,NULL),(89,'2022-05-20 01:55:30','2022-05-20 01:55:30',13,'2022-02-16',1700000,13,66,NULL),(90,'2022-05-20 01:56:23','2022-05-20 01:56:23',13,'2021-12-14',490800,13,66,NULL),(91,'2022-05-20 01:57:04','2022-05-20 01:57:04',13,'2022-02-15',880000,13,66,NULL),(92,'2022-05-20 01:58:37','2022-05-20 01:58:37',13,'2022-03-30',700000,13,66,NULL),(93,'2022-05-20 01:59:25','2022-05-20 01:59:25',13,'2022-04-18',300000,13,66,NULL),(95,'2022-05-20 02:02:59','2022-05-20 02:02:59',13,'2022-05-19',460000,13,66,NULL),(96,'2022-05-20 02:03:40','2022-05-20 02:03:40',13,'2022-05-19',200000,13,66,NULL),(97,'2022-05-20 02:04:20','2022-05-20 02:04:20',13,'2022-05-19',30000,13,66,NULL),(98,'2022-05-20 02:04:52','2022-05-20 02:04:52',13,'2022-05-19',125000,13,66,NULL),(99,'2022-05-20 02:05:55','2022-05-20 02:05:55',13,'2022-05-05',500000,13,66,NULL),(100,'2022-05-20 02:06:41','2022-05-20 02:06:41',13,'2022-05-05',80000,13,66,NULL),(101,'2022-05-20 02:09:06','2022-05-20 02:09:06',13,'2022-05-08',42500,13,66,NULL),(102,'2022-05-20 03:06:33','2022-05-20 03:06:33',8,'2022-04-11',14100,8,84,40),(103,'2022-05-20 03:10:06','2022-05-20 03:10:06',8,'2022-04-11',14100,8,84,41),(104,'2022-05-20 03:10:35','2022-05-20 03:10:35',8,'2022-05-19',11110,8,84,NULL),(105,'2022-05-20 06:24:38','2022-05-20 06:24:38',8,'2022-04-11',14100,8,84,42),(106,'2022-05-20 06:28:50','2022-05-20 06:28:50',8,'2022-04-11',14100,8,84,43),(107,'2022-05-20 06:29:28','2022-05-20 06:29:28',8,'2022-05-19',10000,8,84,NULL),(108,'2022-05-20 06:57:33','2022-05-20 06:57:33',8,'2022-05-19',100000,8,66,NULL),(109,'2022-05-20 07:03:41','2022-05-20 07:03:41',8,'2022-03-03',750000,8,66,NULL),(118,'2022-05-20 10:50:02','2022-05-20 10:50:02',8,'2022-04-11',14100,17,85,49);
/*!40000 ALTER TABLE `transaction` ENABLE KEYS */;
UNLOCK TABLES;

--
-- Table structure for table `transaction_detail`
--

DROP TABLE IF EXISTS `transaction_detail`;
/*!40101 SET @saved_cs_client     = @@character_set_client */;
/*!50503 SET character_set_client = utf8mb4 */;
CREATE TABLE `transaction_detail` (
  `transaction_detail_id` bigint NOT NULL AUTO_INCREMENT,
  `large_category` varchar(255) NOT NULL,
  `large_tag` varchar(255) DEFAULT NULL,
  `memo` varchar(255) DEFAULT NULL,
  `name` varchar(255) NOT NULL,
  `pay_date` date NOT NULL,
  `price` int NOT NULL,
  `small_category` varchar(255) NOT NULL,
  `small_tag` varchar(255) DEFAULT NULL,
  `type` varchar(255) NOT NULL,
  `transaction_id` bigint NOT NULL,
  PRIMARY KEY (`transaction_detail_id`),
  KEY `FK2nh7hmi2mfurimsk0viq4a127` (`transaction_id`),
  CONSTRAINT `FK2nh7hmi2mfurimsk0viq4a127` FOREIGN KEY (`transaction_id`) REFERENCES `transaction` (`transaction_id`) ON DELETE CASCADE
) ENGINE=InnoDB AUTO_INCREMENT=111 DEFAULT CHARSET=utf8mb4 COLLATE=utf8mb4_0900_ai_ci;
/*!40101 SET character_set_client = @saved_cs_client */;

--
-- Dumping data for table `transaction_detail`
--

LOCK TABLES `transaction_detail` WRITE;
/*!40000 ALTER TABLE `transaction_detail` DISABLE KEYS */;
INSERT INTO `transaction_detail` VALUES (4,'전기예산',NULL,'전년도 학교 지원금','지원금','2022-05-04',100000,'전기예산',NULL,'예산',4),(7,'유형자산',NULL,'부회장이 고름','축구공','2022-05-01',-15000,'비품',NULL,'자산',7),(12,'회비','회비','5월 회비','회비','2022-05-10',100000,'회비',NULL,'예산',9),(13,'복리후생비','연어','연어초밥, 연어덮밥','생연어 횟감용','2022-05-16',-50000,'식비','횟감용','지출',10),(14,'복리후생비','연어','연어 스테이크','생연어 구이용','2022-05-16',-25000,'식비','구이용','지출',10),(15,'회비','회비','4월 회비','회비','2022-04-10',100000,'회비',NULL,'예산',11),(23,'기타자산','철학','그렇다','차라투스트라는 이렇게 말했다','2022-05-17',-10000,'책','프리드리히 니체','자산',21),(24,'수입','BTC',NULL,'코인 판매','2022-05-17',1000000,'이자수익',NULL,'수입',22),(30,'기타자산','경제',NULL,'경제도서','2022-05-17',-25000,'책','케인즈','자산',25),(32,'회비',NULL,NULL,'회비','2022-03-10',100000,'회비',NULL,'예산',27),(33,'복리후생비','주전부리','맛있었다','간식','2022-05-17',-1000,'식비','초코바','지출',28),(34,'기타비용','경제',NULL,'국제경제학 개론','2022-05-18',-50000,'책','크루그먼','지출',29),(35,'복리후생비','new',NULL,'거래1','2022-05-18',-1,'비용',NULL,'지출',30),(36,'복리후생비','여름회식','삼겹살','1차-삼겹살집','2022-05-18',-10000,'회식','2차 여름회식','지출',31),(37,'여가교통비','여름회식','광어','2차-횟집','2022-05-18',-10000,'교통비','1차 여름회식2','지출',31),(41,'복리후생비','주전부리','부회장이 고름','초코비','2022-05-02',-15000,'식비','초코바','지출',32),(42,'유형자산',NULL,'새멤버용','유니폼','2022-05-05',-13000,'비품',NULL,'자산',34),(44,'유형자산','철학',NULL,'공산당 선언','2022-05-19',-5500,'비품',NULL,'자산',46),(45,'유형자산','철학',NULL,'민주주의의 역사','2022-05-19',-20000,'비품',NULL,'자산',52),(47,'유형자산',NULL,NULL,'닌텐도 스위치','2022-05-19',0,'비품',NULL,'자산',60),(49,'현금 및 현금성자산',NULL,NULL,'기부금','2022-05-19',-100000,'현금',NULL,'자산',66),(50,'소모품비','다이소',NULL,'다이소','2022-04-11',-14100,'사무용품',NULL,'지출',68),(52,'복리후생비','다이소',NULL,'과자','2022-04-11',-14100,'식비',NULL,'지출',70),(55,'회비',NULL,NULL,'회비','2022-04-02',100000,'회비',NULL,'예산',72),(58,'여가교통비','삼겹살',NULL,'택시비','2021-04-06',-25000,'택시비',NULL,'지출',74),(59,'복리후생비','MT',NULL,'MT','2021-05-24',-360000,'행사비',NULL,'지출',75),(60,'수입',NULL,NULL,'바자회','2021-06-10',150000,'부스수익',NULL,'수입',76),(61,'수입',NULL,NULL,'푸파대회우승','2021-05-11',100000,'상금수익',NULL,'수입',77),(62,'소모품비','푸파 대회',NULL,'단체 유니폼','2021-05-11',-34000,'생활용품',NULL,'지출',77),(63,'유형자산',NULL,NULL,'삼성 레이저 프린터','2021-05-11',-64950,'비품',NULL,'자산',77),(64,'수입',NULL,NULL,'푸드파이터 대회 상금','2021-07-06',200000,'상금수익',NULL,'수입',79),(65,'회비',NULL,NULL,'7월 회비','2021-07-06',500000,'회비',NULL,'예산',79),(66,'후원비',NULL,NULL,'5기 선배 후원','2021-07-06',200000,'선배 후원',NULL,'예산',79),(67,'복리후생비',NULL,NULL,'여름방학 MT','2021-07-06',-470000,'MT',NULL,'지출',79),(68,'복리후생비',NULL,NULL,'공포체험 방탈출','2021-08-10',-300000,'행사비',NULL,'지출',81),(69,'복리후생비',NULL,NULL,'가을 장어 회식','2021-09-23',-250000,'회식',NULL,'지출',83),(70,'복리후생비','소풍',NULL,'가을 소풍','2021-10-19',-130000,'행사비',NULL,'지출',84),(71,'유형자산','선물',NULL,'시디즈의자','2021-11-29',-650000,'비품',NULL,'자산',85),(72,'활동지원금',NULL,NULL,'크리스마스 행사','2021-12-22',2300000,'활동지원금',NULL,'예산',86),(73,'복리후생비',NULL,NULL,'스키장','2022-01-04',-1250000,'MT',NULL,'지출',87),(74,'수입',NULL,NULL,'굿즈 판매','2022-02-16',1700000,'부스수익',NULL,'수입',89),(75,'복리후생비',NULL,NULL,'랍스터회','2021-12-14',-490800,'식비',NULL,'지출',90),(76,'복리후생비',NULL,NULL,'생일선물','2022-02-15',-880000,'선물',NULL,'지출',91),(77,'소모품비','소풍',NULL,'좀비랜드 굿즈','2022-03-30',-700000,'생활용품',NULL,'지출',92),(78,'소모품비','선물',NULL,'대머리독수리 인형','2022-04-18',-300000,'생활용품',NULL,'지출',93),(80,'복리후생비','MT',NULL,'봄맞이 MT','2022-05-19',-460000,'MT',NULL,'지출',95),(81,'수입',NULL,NULL,'푸드파이터 대회 준우승','2022-05-19',200000,'상금수익',NULL,'수입',96),(82,'소모품비','사무용품',NULL,'필기구 세트','2022-05-19',-30000,'사무용품',NULL,'지출',97),(83,'복리후생비','회식',NULL,'회식','2022-05-19',-125000,'회식',NULL,'지출',98),(84,'회비',NULL,NULL,'5월 회비','2022-05-05',500000,'회비',NULL,'예산',99),(85,'유형자산','선물',NULL,'먹짱 굿즈 구매','2022-05-05',-80000,'비품',NULL,'자산',100),(86,'여가교통비','교통비',NULL,'소풍 버스대절','2022-05-08',-42500,'교통비',NULL,'지출',101),(90,'복리후생비',NULL,'너무 맛있다','연어덮밥','2022-05-09',-30000,'회식',NULL,'지출',20),(91,'복리후생비','간식',NULL,'라면','2022-04-11',-14100,'식비',NULL,'지출',102),(92,'복리후생비','간식',NULL,'과자','2022-04-11',-14100,'회식',NULL,'지출',103),(93,'복리후생비','간식',NULL,'과자','2022-05-19',-11110,'회식',NULL,'지출',104),(94,'복리후생비','간식','','과자','2022-04-11',-14100,'회식','','지출',105),(95,'유형자산','간식','','음료슈','2022-04-11',-14100,'비품','','자산',106),(96,'소모품비','간식','','음료수','2022-05-19',-10000,'생활용품','','지출',107),(97,'활동지원금','','','동아리 지원금','2022-05-19',100000,'활동지원금','','예산',108),(98,'후원비','','','서멤버 선배님 후원','2022-03-03',750000,'선배 후원','','예산',109),(107,'복리후생비','다이소','','과자','2022-04-11',-14100,'식비','','지출',118);
/*!40000 ALTER TABLE `transaction_detail` ENABLE KEYS */;
UNLOCK TABLES;
/*!40103 SET TIME_ZONE=@OLD_TIME_ZONE */;

/*!40101 SET SQL_MODE=@OLD_SQL_MODE */;
/*!40014 SET FOREIGN_KEY_CHECKS=@OLD_FOREIGN_KEY_CHECKS */;
/*!40014 SET UNIQUE_CHECKS=@OLD_UNIQUE_CHECKS */;
/*!40101 SET CHARACTER_SET_CLIENT=@OLD_CHARACTER_SET_CLIENT */;
/*!40101 SET CHARACTER_SET_RESULTS=@OLD_CHARACTER_SET_RESULTS */;
/*!40101 SET COLLATION_CONNECTION=@OLD_COLLATION_CONNECTION */;
/*!40111 SET SQL_NOTES=@OLD_SQL_NOTES */;

-- Dump completed on 2022-05-20 11:24:43
